Dec-30-16,Jan-31-17,Feb-28-17,Mar-28-17,Apr-28-17,MAY-31-17,jun-30-17,Jul-31-17,Aug-31-17,Sep-29-17,oct-31-17,nov-30-17,,,Jan-08,Feb-08,Mar-08,Apr-08,May-08,Jun-08,Jul-08,Aug-08,Sep-08,Oct-08,Nov-08,Dec-08
AAPL,AAPL,AAPL,AAPL,AAPL,AAPL,AAPL,AAPL,AAPL,AAPL,AAPL,AAPL,,,XOM,XOM,XOM,XOM,XOM,XOM,XOM,XOM,XOM,XOM,XOM,XOM
MSFT,MSFT,MSFT,MSFT,MSFT,MSFT,MSFT,MSFT,MSFT,MSFT,MSFT,MSFT,,,GEC,GEC,GEC,GEC,GEC,GEC,GEC,GEC,GEC,GEC,PG,PG
XOM,XOM,XOM,AMZN,AMZN,AMZN,AMZN,FB,FB,FB,AMZN,AMZN,,,MSFT,MSFT,T,T,T,MSFT,MSFT,MSFT,PG,PG,GEC,GEC
JNJ,AMZN,AMZN,XOM,FB,FB,FB,AMZN,AMZN,AMZN,FB,FB,,,T,T,MSFT,MSFT,MSFT,CVX,PG,PG,MSFT,MSFT,T,T
JPM,JNJ,JNJ,JNJ,XOM,JNJ,JNJ,JNJ,JNJ,JNJ,JNJ,JNJ,,,PG,PG,PG,PG,CVX,T,JNJ,JNJ,JNJ,JNJ,JNJ,JNJ
AMZN,FB,JPM,FB,JNJ,XOM,XOM,XOM,XOM,XOM,JPM,JPM,,,BAC,CVX,JNJ,CVX,PG,PG,T,T,JPM,T,CVX,CVX
GE,JPM,FB,JPM,JPM,JPM,JPM,JPM,JPM,JPM,XOM,XOM,,,JNJ,JNJ,CVX,JNJ,JNJ,JNJ,IBM,CVX,CVX,CVX,MSFT,MSFT
FB,GE,GE,GE,GOOGL,GOOGL,GOOGL,GOOGL,GOOGL,GOOGL,GOOGL,GOOGL,,,CVX,BAC,BAC,IBM,IBM,IBM,CVX,IBM,T,JPM,WMT,WMT
T,T,WFC,T,GOOG,GOOG,GOOG,GOOG,GOOG,GOOG,GOOG,GOOG,,,PFE,IBM,IBM,BAC,AAPL,AAPL,BAC,AAPL,BAC,IBM,JPM,PFE
WFC,WFC,T,GOOGL,GE,GE,WFC,WFC,BAC,BAC,BAC,BAC,,,JPM,MO,JPM,JPM,CSCO,COP,JPM,CSCO,IBM,WMT,PFE,JPM
GOOGL,GOOGL,GOOGL,WFC,T,T,BAC,BAC,PG,WFC,WFC,WFC,,,MO,PFE,CSCO,AAPL,BAC,CSCO,AAPL,BAC,WMT,BAC,IBM,IBM
GOOG,GOOG,BAC,GOOG,WFC,WFC,GE,T,T,T,PG,PG,,,CSCO,CSCO,PFE,CSCO,JPM,WMT,WMT,WMT,CSCO,PFE,WFC,WFC
PG,PG,GOOG,BAC,BAC,PG,T,PG,WFC,PG,CVX,CVX,,,IBM,JPM,AAPL,WMT,COP,SLB,CSCO,JPM,PFE,WFC,CSCO,VZ
BAC,BAC,PG,PG,PG,BAC,PG,GE,GE,CVX,INTC,T,,,AIG,COP,WMT,PFE,WMT,INCO,INCO,INCO,WFC,CSCO,KO,CSCO
CVX,CVX,CVX,PFE,CVX,CMCSA,PFE,CVX,CVX,PFE,PFE,UNH,,,GOOGL,HPQ,INCO,COP,GOOGL,GOOGL,PFE,PFE,HPQ,AAPL,VZ,KO
VZ,VZ,PFE,CVX,PFE,CVX,CVX,PFE,PFE,GE,T,PFE,,,COP,AIG,KO,GOOGL,INCO,JPM,COP,COP,PEP,HPQ,PEP,HPQ
PFE,PFE,VZ,VZ,HD,PFE,CMCSA,VZ,VZ,VZ,UNH,HD,,,INCO,WMT,COP,INCO,PFE,PFE,SLB,HPQ,COP,INCO,PM,PM
INTC,CMCSA,MRK,HD,VZ,VZ,C,CMCSA,CMCSA,C,V,INTC,,,WMT,INCO,PEP,SLB,SLB,HPQ,HPQ,PM,INCO,PM,HPQ,PEP
C,INTC,CMCSA,CMCSA,CMCSA,HD,HD,C,UNH,HD,C,VZ,,,AAPL,KO,HPQ,KO,HPQ,BAC,GOOGL,SLB,KO,PEP,AAPL,ABT
CMCSA,MRK,HD,PM,PM,PM,PM,UNH,V,V,HD,V,,,KO,PEP,AIG,AIG,KO,PM,PM,PEP,AAPL,KO,BAC,INCO
HD,HD,CSCO,MRK,MRK,MRK,VZ,V,C,UNH,VZ,C,,,WFC,AAPL,PM,HPQ,PM,KO,PEP,GOOGL,PM,GOOGL,ABT,COP
MRK,DIS,INTC,INTC,INTC,V,UNH,PM,PM,CMCSA,KO,CSCO,,,HPQ,GOOGL,VZ,VZ,VZ,VZ,KO,KO,GOOGL,ABT,COP,AAPL
KO,KO,C,CSCO,CSCO,KO,MRK,HD,HD,INTC,GE,CMCSA,,,VZ,VZ,SLB,PEP,PEP,PEP,WFC,VZ,SLB,VZ,INCO,GOOGL
DIS,C,PM,C,V,INTC,V,KO,KO,MRK,CSCO,KO,,,PEP,SLB,GOOGL,PM,AIG,ORCL,VZ,WFC,VZ,COP,GOOGL,BAC
UNH,V,V,V,UNH,UNH,KO,MRK,MRK,KO,CMCSA,DWDP,,,MRK,WFC,WFC,WFC,WFC,ABT,QCI,ABT,ABT,ORCL,MCD,ORCL
CSCO,UNH,KO,DIS,DIS,C,PEP,INTC,PEP,PM,DWDP,PEP,,,SLB,MRK,ABT,ORCL,ORCL,MRK,ABT,ORCL,ORCL,MRK,ORCL,MCD
PEP,CSCO,DIS,KO,KO,PEP,INTC,PEP,INTC,CSCO,PM,DIS,,,ABT,ABT,MRK,MRK,ABT,WFC,ORCL,QCI,QCI,MCD,SLB,MRK
V,IBM,PEP,PEP,C,CSCO,CSCO,DIS,CSCO,DWDP,PEP,PM,,,ORCL,ORCL,ORCL,ABT,MRK,OXY,GS,MRK,MCD,AMGN,AMGN,AMGN
IBM,PM,UNH,UNH,PEP,DIS,DIS,CSCO,ORCL,PEP,ORCL,GE,,,GS,UPS,UPS,GS,QCI,QCI,MRK,MCD,MRK,QCI,UPS,QCI
PM,PEP,IBM,IBM,MO,MO,ORCL,ORCL,DIS,DIS,DIS,ABBV,,,WB,UTX,UTX,UPS,OXY,AIG,AIG,AMGN,UPS,SLB,MRK,UPS
MO,MO,MO,MO,IBM,ORCL,MO,BA,BA,ORCL,MRK,BA,,,UPS,QCI,QCI,UTX,UPS,GS,AMGN,UPS,USB,UPS,QCI,UTX
SLB,ORCL,AMGN,ORCL,ORCL,IBM,IBM,AMGN,AMGN,ABBV,ABBV,MRK,,,UTX,GS,GS,QCI,UTX,MCD,MCD,OXY,AMGN,UTX,CMCSA,SLB
ORCL,AMGN,ORCL,AMGN,AMGN,MCD,AMGN,MCD,MCD,BA,BA,ORCL,,,QCI,BA,MCD,MCD,GS,UPS,OXY,GS,UTX,USB,USB,CMCSA
AMGN,SLB,MMM,MMM,MMM,MMM,MCD,MO,MA,AMGN,MA,MMM,,,UNH,OXY,OXY,OXY,MCD,UTX,UPS,UTX,DIS,DIS,UTX,OXY
MMM,MMM,SLB,MDT,MCD,WMT,MMM,IBM,MO,MA,MMM,WMT,,,BA,MCD,DIS,BA,CMCSA,DIS,UTX,CMCSA,OXY,CMCSA,MMM,GILD
WMT,MDT,MDT,SLB,MDT,MA,MDT,MMM,IBM,MCD,MCD,MA,,,MCD,DIS,CMCSA,WB,BA,EXC,CMCSA,DIS,CMCSA,MDT,OXY,BMY
ABBV,MCD,WMT,WMT,WMT,MDT,ABBV,MA,MMM,IBM,IBM,MCD,,,USB,WB,CVS,CMCSA,DIS,MDT,MDT,MDT,MDT,OXY,DIS,USB
MCD,MA,MCD,MCD,MA,AMGN,MA,WMT,ABBV,MMM,AMGN,IBM,,,CVS,UNH,BA,DIS,CVS,CVS,DIS,AIG,GS,MMM,CVS,DIS
MA,WMT,MA,MA,BA,BA,WMT,MDT,WMT,MO,WMT,MO,,,AXP,CMCSA,MMM,USB,EXC,CMCSA,USB,USB,CVS,BUD,GILD,CVS
MDT,ABBV,BA,ABBV,ABBV,ABBV,BA,ABBV,MDT,WMT,NVDA,AMGN,,,DIS,CVS,USB,CVS,USB,DVN,CVS,CVS,MMM,CVS,BMY,LLY
BMY,GILD,ABBV,BA,SLB,HON,HON,CELG,GILD,CELG,MO,NVDA,,,MMM,MMM,MDT,EXC,MDT,AMGN,EXC,MMM,BUD,GILD,HD,MMM
QCOM,BA,CELG,CELG,HON,SLB,CELG,HON,CELG,HON,HON,HON,,,OXY,MDT,EXC,AXP,MMM,BA,GILD,EXC,LLY,BMY,EXC,HD
GILD,HON,HON,HON,CELG,AVGO,AVGO,GILD,HON,NVDA,MDT,AVGO,,,CMCSA,USB,WB,MDT,AXP,MMM,DELL,BA,HD,GS,BK,GS
CELG,CELG,BMY,BMY,BMY,SBUX,GILD,AVGO,AVGO,GILD,AVGO,MDT,,,BK,BK,LLY,MMM,CAT,GILD,MMM,GILD,BA,HD,MDT,EXC
BA,UNP,GILD,GILD,UNP,UTX,BMY,NVDA,NVDA,MDT,BMY,BMY,,,MDT,AMGN,AXP,MS,DVN,RIG,BUD,BUD,GILD,MO,GS,MDT
GS,GS,AGN,AVGO,GILD,BMY,SLB,SLB,BMY,BMY,GILD,UNP,,,MS,AXP,MS,CAT,GILD,USB,LLY,LLY,BMY,BA,LLY,CL
HON,USB,GS,UNP,UTX,UNP,UTX,BMY,UTX,AVGO,TXN,QCOM,,,HD,EXC,CAT,DVN,BK,APA,BA,HD,BAX,BAX,BAX,BAX
UNP,CVS,UNP,GS,AVGO,CELG,UNP,UTX,ABT,SLB,ABT,ABT,,,LLY,LLY,GILD,BK,WB,HAL,MS,AXP,EXC,BK,MO,BK
CVS,UTX,USB,SBUX,SBUX,NVDA,NVDA,ABT,SLB,UNP,UNP,GILD,,,AMGN,CAT,BK,HD,MS,LLY,RIG,DVN,AXP,DVN,CL,UNH
UTX,BMY,UTX,QCOM,CVS,GILD,SBUX,AGN,CHTR,ABT,UTX,TXN,,,EXC,DVN,HD,IPB,AMGN,CAT,BAX,MS,MO,EXC,DVN,LOW
USB,AGN,CVS,UTX,GS,QCOM,ABT,CHTR,UNP,TXN,SLB,ACN,,,IPB,HD,MO,GILD,RIG,FC,AXP,MO,DVN,UNP,BA,BA
SBUX,SBUX,AVGO,USB,AGN,TXN,USB,USB,TXN,UTX,ACN,UTX,,,TGT,BMY,DVN,LLY,LLY,BUD,CAT,DELL,IPB,LLY,LOW,MO
UPS,AVGO,QCOM,LLY,USB,USB,CVS,UNP,GS,GS,GS,ADBE,,,BMY,MS,AMGN,RIG,DELL,DELL,MO,CAT,MWZ,AXP,SO,DVN
AGN,QCOM,SBUX,TXN,LLY,COST,AGN,GS,USB,USB,USB,GS,,,CAT,RIG,DELL,AMGN,MO,AXP,UNP,IPB,CL,LOW,EMR,SO
TXN,TXN,LLY,CVS,QCOM,ABT,QCOM,CVS,ACN,ACN,ADBE,USB,,,DELL,DELL,NCRA,APA,HD,BK,DVN,UNP,BK,CL,MRK,EMR
ACN,UPS,ABT,AGN,TXN,CVS,GS,TXN,SBUX,LLY,NFLX,SLB,,,ANTM,GILD,UNH,ALD,EMR,MO,BMY,BAX,TGT,TGT,AXP,LOM
LLY,LLY,COST,ABT,COST,GS,LLY,LLY,LLY,UPS,PYPL,PYPL,,,ALD,TGT,RIG,DD-PB,BMY,BMY,BK,BMY,LOM,CELG,APA,MRK
WBA,ABT,TXN,ACN,ACN,ACN,NKE,ACN,CVS,CVS,UPS,UPS,,,NCRA,MWZ,MWZ,FC,APA,BAX,HD,TGT,DD-PB,UNH,PA9.MU,MWZ
AVGO,COST,NKE,UPS,ABT,LLY,TXN,QCOM,UPS,NFLX,CAT,SBUX,,,MWZ,ALD,BMY,TGT,ALD,MS,DD-PB,RIG,CAT,DD-PB,LOM,CAT
COST,NKE,ACN,NKE,CHTR,AGN,ACN,NFLX,QCOM,LMT,LLY,CAT,,,TXN,NCRA,DD-PB,BMY,FC,HD,HAL,DD-PB,UNP,IPB,UNH,PA9.MU
MDLZ,ACN,WBA,COST,UPS,CHTR,UPS,NKE,AGN,SBUX,SBUX,LLY,,,GILD,IPB,ALD,MWZ,TGT,UNP,EMR,BK,RIG,LOM,UNP,TGT
NKE,CHTR,UPS,LOW,WBA,UPS,CHTR,SBUX,ADBE,QCOM,CELG,NFLX,,,DD-PB,TXN,TGT,MO,DD-PB,DD-PB,CL,LOM,APA,APA,TGT,CELG
DD-PB,WBA,CHTR,WBA,LOW,MDLZ,COST,UPS,LMT,TMO,TMO,COST,,,EMR,DD-PB,EMR,GLW,TXN,EMR,ALD,CL,LOW,SO,CAT,APA
AIG,MDLZ,DD-PB,CHTR,NKE,ADBE,DD-PB,LMT,NFLX,CAT,LMT,LMT,,,CL,EMR,APA,NCRA,GLW,MWZ,APA,MWZ,EMR,RIG,WBA,WBA
LMT,DD-PB,MDLZ,DD-PB,DD-PB,NKE,ADBE,ADBE,TMO,ADBE,QCOM,NKE,,,RIG,CL,CL,EMR,UNP,ALD,FC,HAL,ALD,TXN,KMB,UNP
CHTR,LOW,LMT,LMT,MDLZ,LMT,LMT,DD-PB,DD-PB,CHTR,NEE,CELG,,,DE,FC,IPB,UNH,UNH,TXN,WB,APA,UNH,KMB,CELG,ALD
COP,LMT,MS,MDLZ,LMT,NFLX,TMO,COST,NEE,PYPL,NKE,CVS,,,LOW,ANTM,AABA,HAL,HAL,MRO,IPB,UNH,PRU,EMR,DD-PB,DD-PB
LOW,AIG,CL,CL,ADBE,WBA,CB,WBA,NKE,COST,MS,TMO,,,BAX,APA,GLW,BAX,IPB,NOV,MWZ,ALD,WBA,MWZ,COST,COST
BIIB,MS,LOW,ADBE,NFLX,DD-PB,WBA,TMO,WBA,WBA,COST,NEE,,,PRU,DE,WBA,TXN,MWZ,GLW,GD,GD,MRK,WBA,8686.T,GD
CB,CB,CB,NVDA,TMO,LOW,LOW,NEE,CAT,NEE,CB,MS,,,GLW,MRO,TXN,DELL,NCRA,TGT,LOM,EMR,GD,PA9.MU,FDX,KMB
MS,COP,BIIB,NFLX,CB,TMO,NEE,CB,PYPL,AGN,AXP,AXP,,,DVN,BAX,FC,UNP,BUD,HES,TGT,WBA,SO,COST,MWZ,AXP
MET,NFLX,AIG,CB,CL,CL,MDLZ,CAT,COST,NKE,CRM,CRM,,,LOM,AABA,BAX,LOW,BAX,CL,MRO,LOW,CELG,NCRA,D,ANTM
EOG,BIIB,TMO,COP,NEE,CB,CL,MDLZ,BIIB,MS,CVS,CB,,,WBA,GLW,DE,DE,CL,AAZ,UNH,FC,DELL,GD,RIG,8686.T
CL,TMO,PNC,MS,MS,NEE,NFLX,MS,CB,LOW,LOW,LOW,,,BUD,WBA,PRU,AABA,LOM,NCRA,MRK,WB,HAL,MRK,GIS,RTN
NVDA,MET,AXP,NEE,NVDA,CAT,MS,LOW,MS,AXP,CHTR,BIIB,,,LHHMQ,LOM,HAL,GD,GD,WFT,WBA,NCRA,COST,CAT,EOG,NCRA
AXP,NVDA,NEE,TMO,AXP,DUK,CAT,PYPL,AXP,CB,BIIB,PNC,,,FC,MRK,LOM,LOM,MRO,GD,CELG,TXN,TXN,PNC,ADP,D
PNC,AXP,NFLX,AXP,CAT,MS,AXP,AXP,CRM,BIIB,PNC,CHTR,,,GD,LOW,BUD,CL,AABA,LOM,NOV,GLW,MRO,GIS,NKE,NEE
ABT,PNC,COP,BIIB,COP,CRM,PNC,CL,LOW,PNC,MDLZ,MDLZ,,,CME,BUD,LOW,BUD,WBA,WB,NCRA,PRU,8686.T,ALD,ALD,GIS
SPG,EOG,ADBE,PNC,BIIB,PYPL,PYPL,PNC,CL,CL,COP,CL,,,MRO,HAL,GD,EBAY,DE,EOG,TXN,MRO,NCRA,NKE,GD,TXN
NEE,NEE,SPG,AIG,PNC,AXP,MET,BIIB,AMT,CRM,CL,WBA,,,FNMA,PRU,EBAY,WBA,LOW,UNH,GLW,MRK,KMB,NSC,TXN,NKE
TMO,SPG,MET,MET,DUK,GD,DUK,CRM,MDLZ,MDLZ,DUK,DUK,,,UNP,GD,UNP,PRU,AAZ,WBA,STT,NOV,PA9.MU,RTN,RTN,ADP
OXY,CL,DUK,DUK,AIG,PNC,BIIB,MET,DUK,COP,AMT,COP,,,VLO,UNP,MRO,MRO,HES,MRK,DE,DE,NKE,DELL,IPB,FDX
CAT,ADBE,CAT,EOG,CRM,AMT,CRM,DUK,PNC,DUK,WBA,BLK,,,STT,VLO,8686.T,EOG,NOV,CHK,PRU,CELG,PNC,8686.T,NEE,MRO
DUK,CAT,EOG,SPG,MET,AIG,AMT,AMT,GD,AMT,AMAT,AMT,,,MRK,AA,STT,8686.T,EBAY,DE,LOW,HES,MS,D,DUK,DUK
NFLX,DUK,NVDA,CAT,GD,COP,GD,AIG,BK,GD,AGN,ANTM,,,APA,8686.T,PA9.MU,PA9.MU,PRU,IPB,HES,COST,ALL,DUK,DELL,IPB
KHC,KHC,KHC,KHC,KHC,MET,AIG,COP,COP,EOG,AIG,EOG,,,PA9.MU,STT,EOG,AAZ,MRK,COST,EBAY,AAZ,CME,MRO,AAZ,ADM
ADBE,GD,GD,CRM,AMT,KHC,COP,GD,AIG,FDX,BLK,SCHW,,,EBAY,EBAY,AAZ,COST,AA,LOW,ANTM,STT,NSC,FDX,NSC,NEM
BK,OXY,DHR,GD,PYPL,BIIB,FDX,BK,RTN,AMAT,EOG,AGN,,,S,PA9.MU,AA,MRK,8686.T,EBAY,AA,SO,D,EOG,CB,CB
GD,DHR,CRM,DHR,EOG,EOG,BK,EOG,FDX,AIG,MET,DHR,,,8686.T,AAZ,FDX,FDX,EOG,8686.T,AABA,ANTM,GLW,ANTM,MRO,DELL
TJX,GM,TJX,AMT,SPG,DHR,SCHW,ADP,ANTM,BLK,GD,GD,,,COST,EOG,COST,HES,COST,AA,CSX,NSC,FDX,BBT,PNC,AAZ
GM,CRM,GM,TJX,TJX,D,EOG,SCHW,DHR,MET,DHR,FDX,,,HAL,ADM,RTN,SO,WFT,AABA,COST,EBAY,STT,MS,ANTM,ALL
SO,SCHW,OXY,SCHW,DHR,CSX,DHR,KHC,BLK,BK,GM,MET,,,FDX,CME,SO,ADM,PA9.MU,CELG,SO,8686.T,EBAY,NEE,STT,NSC
D,HAL,BK,SO,SO,SO,BLK,BLK,MET,RTN,FDX,GM,,,ADM,RTN,KMB,AA,ANTM,D,AAZ,PA9.MU,SWG,CME,NCRA,KR
SCHW,TJX,SO,BK,BK,BLK,KHC,FDX,GM,GM,ANTM,BK,,,ALL,KMB,ALL,ALL,FNMA,S,NSC,AABA,AABA,STT,KR,PNC
DHR,SO,F,D,D,AMAT,SPG,RTN,D,DHR,SCHW,AMAT,,,AA,FDX,CELG,NOV,ALL,STT,PA9.MU,WFT,ANTM,CB,FE,MS
F,F,AMT,OXY,SCHW,SPG,CSX,DHR,EOG,SCHW,BK,RTN,,,RTN,ALL,ADM,STT,FDX,BHGE,8686.T,AA,AMZN,CSX,ADM,STT
HAL,D,SCHW,PYPL,GM,TJX,ANTM,SPG,SPG,NOC,RTN,AIG,,,KMB,FNMA,AMAT,FNMA,STT,NEE,NEE,CSX,HES,AMZN,SWG,AABA
ADP,BK,D,GM,ANTM,BK,D,GM,SCHW,SPG,SO,D,,,SO,LHHMQ,NTH,WFT,CSX,SO,WFT,EOG,GIS,KR,BBT,BDX
BLK,FDX,PRU,FDX,CSX,ANTM,GM,ANTM,AMAT,ANTM,D,OXY,,,AAZ,COST,VLO,RTN,SO,PA9.MU,BHGE,KMB,TMO,SWG,MS,EOG
FDX,ADP,KMB,KMB,OXY,RTN,SO,PRU,KHC,CSX,ADP,NOC,,,NTH,NTH,NKE,CELG,NEE,AMAT,D,FDX,AAZ,ADP,ETR,AMZN
AMT,BLK,FDX,BLK,ADP,FDX,RTN,D,SO,D,NOC,CI,,,MOT,AMAT,FNMA,NEE,BHGE,PRU,ALL,RTN,RTN,AABA,AABA,DE
PRU,PRU,PYPL,ADP,BLK,SCHW,TJX,SO,ADP,SO,SYK,ITW,,,NEE,SO,NEE,ANTM,RTN,CSX,TMO,TMO,EOG,HAL,PEG,WM
PYPL,PYPL,BLK,PRU,FDX,KMB,PRU,AMAT,NOC,OXY,CI,BDX,,,AABA,VIAB,VIAB,KMB,VLO,ALL,EOG,D,CSX,AMAT,BDX,HAL
CRM,AMT,ADP,F,KMB,GM,OXY,OXY,CI,ATVI,ATVI,SO,,,VIAB,HES,CME,VLO,AMAT,FE,PNC,AMZN,DUK,GLW,HAL,ETR
COF,CSX,HAL,RTN,PRU,ADP,ADP,NOC,TJX,ADP,OXY,CSX,,,HIG,NEE,HES,NKE,KMB,ANTM,FDX,PNC,FC,HES,NEM,HES
RTN,KMB,CSX,ANTM,RTN,NOC,KMB,BDX,CSX,CI,MU,ADP,,,HES,TMO,WFT,CSX,S,KMB,KMB,ALL,SPG,TMO,HES,BBT
NOC,KMI,RTN,CSX,F,PRU,NOC,SYK,OXY,TJX,ITW,CME,,,D,D,ANTM,AMAT,D,FDX,CHK,S,ADP,BDX,CSX,SWG
KMB,RTN,COF,HAL,AMAT,OXY,ITW,CSX,ATVI,F,SPG,SPG,,,AMAT,WFT,TMO,BHGE,CELG,BTU,RTN,BHGE,DE,EBAY,TMO,EBAY
TGT,COF,NOC,AMAT,NOC,SYK,BDX,TJX,BDX,KHC,F,SYK,,,NEM,NKE,HIG,D,CHK,RTN,AMZN,NEE,NOV,AAZ,DE,GLW
KMI,JCI,ANTM,KMI,ITW,ITW,AMAT,CI,PRU,CME,BDX,PRU,,,PEG,NEM,D,NTH,NKE,NEM,AMAT,AMAT,ADBE,DE,EBAY,FE
CME,CME,ITW,NOC,YHOO,YHOO,F,F,KMB,ITW,PRU,USD,,,STI,MOT,MRK,VIAB,ADM,WMB,S,NTH,BBT,FE,WM,PEG
APC,ANTM,CME,COF,SYK,F,SYK,ITW,SYK,SYK,CME,F,,,AMZN,PEG,CSX,CME,NTH,NSC,NTH,CHK,NEE,NTH,GLW,NTH
JCI,NOC,KMI,ITW,CI,USD,CI,KMB,CCI,PRU,KHC,KHC,,,NKE,NOV,DUK,AMZN,NSC,PEG,FE,ADP,NTH,SYY,CME,YUM
ITW,ITW,YHOO,SYK,HAL,BDX,CME,ATVI,F,BDX,CSX,DE,,,DUK,DUK,PNC,TMO,AMZN,TMO,NKE,NKE,FE,WM,DHR,NUE
HPE,YHOO,SYK,YHOO,BDX,CI,JCI,COF,CME,MU,,TJX,,,PNC,BDX,ADP,PNC,TMO,NUE,DUK,ADBE,AMAT,DHR,,DHR
PSX,APC,JCI,CME,KMI,CTSH,MMC,CME,ITW,MMC,CTSH,MU,,,TMO,HIG,AMZN,CHK,FE,ETR,ADP,CME,CB,SPG,SYY,TMO
BBT,SYK,AMAT,,CME,ATVI,ATVI,CTSH,CTSH,CTSH,COF,ATVI,,,FE,CELG,TYC,LHHMQ,ADBE,NTH,ADBE,SWG,BDX,MMC,NTH,PCG
ANTM,HPE,BBT,JCI,JCI,CME,COF,CCI,MMC,KMB,TJX,CCI,,,CELG,PNC,BHGE,DUK,DUK,AMZN,NEM,GIS,COF,ETR,ALL,CME
SYK,EMR,BDX,HPE,EMR,MMC,DAL,MMC,VRTX,COF,CCI,ISRG,,,EOG,BHGE,CHK,ADP,ETR,NKE,GIS,FE,CHK,,ITW,BIIB
GIS,BDX,EMR,BDX,COF,JCI,CTSH,ICE,SPGI,CCI,DE,COF,,,NOV,CAH,MOT,FE,NUE,DUK,TYC,DUK,BHGE,COF,PCG,ITW
DAL,CI,CI,EMR,MMC,HAL,ICE,SPGI,COF,ICE,ISRG,,,,COF,WMB,BDX,S,VIAB,VLO,SWG,BDX,SYY,PEG,AMZN,SYY
EMR,BBT,HPE,MMC,,EMR,EMR,KMI,ICE,SPGI,,MMC,,,ADP,ADP,,TYC,CME,USX1,PEG,SPG,BSX,ALL,MMC,
BDX,AMAT,MMC,CI,CTSH,,BSX,BBT,EMR,EMR,MMC,CTSH,,,BDX,FE,FE,MOT,PEG,ADM,SPG,MOT,AA,STI,COF,AMAT
TRV,GIS,DAL,CTSH,ATVI,COF,,EMR,REGN,DE,EMR,SPGI,,,NSC,CHK,ETR,NSC,ADP,ADP,BDX,,,ADBE,AMAT,AEP
AMAT,TGT,APC,BBT,BSX,LUV,,VRTX,BSX,BSX,SPGI,KMB,,,ETR,NSC,NOV,HIG,HIG,ADBE,,,JCI,WB,PPL,PRU
MMC,PSX,CTSH,ICE,ICE,SPGI,LUV,DE,EA,,BBT,ICE,,,JCI,CSX,SPG,PEG,WMB,APD,WU,DHR,KR,SPL,YUM,CSX
CI,MMC,GIS,PSX,,BSX,SPGI,REGN,,HAL,KMB,PSX,,,CAH,STI,NEM,SPG,SPG,FNMA,ETR,PEG,WU,CAH,AEP,SPL
YHOO,DAL,LUV,APC,PSX,CCI,REGN,,BBT,PSX,PSX,EMR,,,SWG,ITW,NSC,ETR,TYC,CNX,BIIB,TYC,ITW,HNZ,AON,DTV
CTSH,ICE,NSC,ATVI,BBT,,HAL,,,ISRG,ICE,EXC,,,ITW,S,PEG,BDX,PNC,CME,DHR,NEM,DHR,YUM,SPL,COF
CSX,NSC,EBAY,GIS,SPGI,NSC,BBT,HAL,JCI,VRTX,BSX,BBT,,,WFT,ETR,ADBE,NUE,APD,GIS,APD,WU,NEM,BSX,ADBE,MMC
ICE,,TRV,FOXA,LUV,DE,CCI,PSX,HUM,EBAY,EXC,NSC,,,NYX,TYC,GIS,,LTR,HIG,HIG,DTV,CAH,ADM,BIIB,AG4
,TRV,PSX,EBAY,TRV,KMI,KMI,BSX,KMI,NSC,JCI,MAR,,,,AMZN,JCI,APD,NEM,SPG,,HIG,AVP,ITW,WB,CAH
PSA,FOXA,ICE,CCI,NSC,DAL,DE,JCI,ISRG,BBT,NSC,AEP,,,BHGE,APD,LHHMQ,JCI,ITW,BDX,CME,ETR,S,SYK,HNZ,AON
EXC,EBAY,PSA,BSX,PCG,ICE,PSX,DAL,PSX,JCI,STZ,INTU,,,AG4,CB,,ITW,GIS,DHR,MOT,ITW,WFT,PCG,DTV,SPG
KR,EXC,EXC,TRV,CCI,AEP,TRV,EA,AON,AON,EBAY,VLO,,,LTR,JCI,APD,WMB,MOT,,DTV,CAH,WWY,AEP,NOV,WB
MCK,BSX,,,ETN,REGN,NSC,AON,EQIX,KMI,MAR,HUM,,,CSX,ADBE,NUE,GIS,SWG,PPL,CAH,APD,ETR,STJ,SWN,HNZ
NSC,LUV,CCI,SPGI,EBAY,TRV,EBAY,EBAY,EBAY,,HAL,,,,FMCC,GIS,STI,SWG,BDX,PNC,USX1,SYY,,NUE,CAH,VIAB
APD,PSA,PCG,PCG,ECL,EA,AON,TRV,AEP,EA,EA,TRV,,,ADBE,,DHR,NEM,USX1,VIAB,WMB,SYMC,PEG,PRU,AG4,AMT
CCI,KR,SPGI,DAL,GIS,ECL,MCK,EXC,PCG,EXC,HUM,STZ,,,BBT,DHR,ITW,ACE,JCI,TYC,KR,VIAB,TYC,AMT,SRE,NTRS
,ETN,BSX,ETN,,ETN,HUM,EQIX,EXC,STT,VRTX,ALL,,,SPG,SPG,WMB,DHR,CAH,,ITW,,SYMC,DTV,NUE,BSX
VLO,CTSH,TGT,EXC,AEP,EBAY,ETN,ETN,NSC,HUM,INTU,VRTX,,,CB,NUE,S,ADBE,BTU,KR,ADM,VLO,MMC,K,STI,PPL
EBAY,CCI,AEP,LUV,DAL,PCG,ECL,AEP,ECL,PCG,AEP,HAL,,,TYC,ACE,CAH,COF,DTV,SWG,BTU,JCI,MOT,VIAB,ED,STJ
AEP,ECL,ETN,AEP,HUM,HUM,ISRG,PCG,DAL,EQIX,TRV,EQIX,,,CCL,LTR,COF,CB,DHR,ITW,AVP,AVP,SPL,NOV,EIX,ADBE
PCG,AEP,ECL,ECL,DE,MCK,AEP,ISRG,INTU,AEP,AON,BSX,,,APD,SWG,BIIB,STI,CB,MUR,NUE,KR,NTRS,NTRS,K,SYMC
ECL,MCK,FOXA,PSA,EQIX,AON,PCG,ECL,STZ,INTU,EQIX,HPQ,,,ACE,AG4,CB,YUM,ACE,WM,JCI,WMB,STI,BIIB,BHGE,VLO
LUV,PCG,MCK,NSC,FOXA,EQIX,EQIX,MCK,DE,MAR,HPQ,STT,,,WMB,COF,ZBH,,PCAR,DTV,MA,MA,VLO,APD,AMT,K
PXD,LYB,DE,DE,EXC,INTU,EXC,LUV,TRV,REGN,ETN,AON,,,DHR,DTV,ACE,BBT,TEL,CAH,,CB,AG4,PPL,SPG,KSS
HUM,SPGI,PXD,PXD,HPQ,MAR,STZ,INTU,HAL,ETN,,APD,,,GIS,ZBH,YUM,CAH,LHHMQ,WU,SYMC,WM,HNZ,SWN,LO,JCI
ETN,DE,HUM,MCK,APC,EXC,EA,HUM,PLD,STZ,VLO,ECL,,,ZBH,YUM,LTR,LTR,PPL,SE,VIAB,AG4,CCL,AG4,MA,MCK
DE,PXD,ATVI,AON,AON,ISRG,INTU,STZ,MU,VLO,KMI,ZTS,,,PPL,WFR,DTV,SYY,YUM,ACE,VLO,BTU,WM,MOT,JCI,ED
FOXA,APD,VLO,EQIX,PSA,BBT,ALL,ALL,ALL,TRV,APD,DAL,,,MCK,NYX,CCL,KR,WM,CB,CB,WWY,VIAB,WMB,PGN,CCL
BSX,VLO,INTU,TGT,TGT,PSX,VRTX,STT,AFL,PLD,STT,PLD,,,BIIB,CCL,SWG,F,BIIB,CCU.1,PPL,SPL,SYK,LTR,,APD
AON,AON,APD,HUM,ISRG,GIS,GIS,NSC,STT,ECL,PLD,JCI,,,SYY,BIIB,SYY,TEL,SYY,NE,WM,BSX,YUM,NEM,PGR,PGN
WM,HUM,LYB,HPQ,HPE,PSA,STT,MAR,MAR,HPQ,ECL,ETN,,,RN7,BBT,BBT,USX1,KR,NBL,SE,YUM,DTV,TYC,UST.1,EIX
SE,ALXN,AON,LYB,APD,HPQ,PSA,PLD,ETN,ALL,ALL,AFL,,,YUM,SYY,BSX,BIIB,AMT,TEL,SYY,ZBH,AEP,SE,NTRS,STI
LYB,SE,ALL,MU,INTU,MU,APD,HPQ,ALXN,APD,LRCX,EBAY,,,KR,MCK,AG4,PPL,SYMC,JCI,YUM,SE,STJ,ED,PCAR,SRE
SYF,INTU,KR,VLO,STT,STZ,PLD,GIS,HPQ,MCK,LYB,LYB,,,WAMUQ,PPL,PPL,BSX,,LTR,WWY,COF,MCK,AON,APD,PCAR
DFS,AFL,WM,ADI,AFL,ALL,MAR,AFL,APD,LYB,ADI,,,,PCAR,BSX,KR,WM,STI,AMT,AMT,NUE,SE,,SYMC,MA
AFL,WM,HPQ,ALL,STZ,HPE,MU,TGT,MCK,TGT,DAL,FOXA,,,CBS,WM,AVP,AEP,,EIX,LTR,BBT,BIIB,EIX,SE,UST.1
STT,SYF,AFL,MAR,MAR,APD,AFL,APD,LUV,AFL,WM,LUV,,,AEP,FMCC,TEL,,COF,SII,CCL,ADM,ZBH,WFT,KSS,WU
PLD,STI,ALXN,REGN,ALL,ADI,ZTS,PSA,WM,DAL,AFL,ILMN,,,BBY,KR,AEP,AMT,BSX,WWY,BSX,AMT,APD,LO,TYC,AVP
SPGI,STT,STI,WM,REGN,TGT,VLO,VLO,PSA,PSA,SHW,TEL,,,,AEP,WM,DTV,CNX,SPL,ZBH,PPL,LTR,CHK,LTR,LTR
SYY,ALL,STT,APD,WM,VRTX,WM,ALXN,FIS,ADI,TEL,WM,,,EIX,TEL,PCAR,CCL,WU,YUM,AG4,MMC,AMT,TJX,VIAB,TYC
INTU,ATVI,ISRG,AFL,VRTX,ZTS,FOXA,ZTS,ZTS,WM,BAX,KMI,,,CEG,AVP,FMCC,NYX,AG4,MOT,HNZ,BEN,ADM,FC,MOT,NOV
REGN,EQIX,SYF,STT,PXD,AFL,BAX,FOXA,GIS,BAX,TGT,BAX,,,SPL,EIX,NYX,PCAR,MUR,BSX,AEP,CCL,K,WU,WU,SWY
BHI,DFS,REGN,ISRG,MCK,WM,HPQ,WM,ADI,ZTS,ZTS,SHW,,,CHK,PCAR,,ZBH,CCL,SYY,TEL,SYK,KSS,CCL,MCK,MOT
ALXN,REGN,STZ,INTU,EA,PLD,TGT,FIS,VLO,ALXN,PSA,TGT,,,BEN,CEG,WFR,WU,CCU.1,FLR,STJ,MCK,TROW,BHGE,SYK,PGR
STZ,ZTS,DFS,STZ,VLO,STT,ADI,LYB,BAX,FIS,FIS,EA,,,WU,CCU.1,EIX,AG4,EIX,BIIB,SPL,HNZ,PCAR,VLO,VLO,PSA
ALL,MAR,MAR,SRE,PLD,SRE,SRE,BAX,TGT,LUV,REGN,GIS,,,TEL,SPL,WU,MUR,BBT,SYMC,EIX,TEL,PPL,KSS,STJ,SWN
STI,ISRG,SRE,EA,ALXN,BAX,SHW,MU,HPE,LRCX,MPC,PSA,,,NUE,CBS,AMT,EIX,SE,AEP,BEN,PCAR,WMB,MA,TJX,BHGE
MPC,STZ,ROST,PLD,MU,FOXA,FIS,HPE,ILMN,GIS,GIS,MPC,,,WM,WU,EA,AVP,ZBH,SWN,COF,LTR,PCG,PCAR,SWY,SYK
MAR,,FIS,KR,SRE,PXD,PPG,MPC,LYB,SHW,ILMN,ADI,,,WFR,AMT,CEG,BTU,NE,AG4,TROW,AEP,BEN,AVP,JNPR,BEN
ZTS,BHI,PLD,STI,PPG,APC,TEL,ADI,SRE,TEL,LUV,FIS,,,BSX,SYK,MUR,WWY,AEP,ZBH,MCK,USX1,TEL,SYMC,WMB,SE
ADM,SYY,ADM,ALXN,LYB,FIS,LYB,TEL,CCL,ILMN,PPG,LRCX,,,DTV,BEN,SPL,PCP,NYX,,PCAR,EA,EIX,JCI,PRU,BBY
ORLY,PPG,PPG,VRTX,STI,TEL,GLW,SRE,FOXA,STI,PCG,MCK,,,MTLQQ,PCP,SYK,EA,PCP,MCK,BBT,STJ,MA,SRE,BSX,LO
ROST,TEL,EQIX,PPG,ADI,VLO,HPE,CCL,TEL,SRE,SRE,PGR,,,SYK,MUR,BEN,SCN,NBL,AVP,SYK,BBY,WY,ZBH,BEN,CHRW
EQIX,ROST,TEL,MPC,FIS,KR,CCL,PXD,SHW,MPC,MCK,SRE,,,PCP,BBY,MCK,FMCC,WWY,PCAR,MUR,TROW,TJX,BEN,FC,JNPR
HPQ,FIS,SYY,TEL,ZTS,MPC,STI,STI,MPC,PGR,STI,PPG,,,PFG,BTU,SCN,CBS,MCK,EP,NTRS,TJX,SII,PGN,CCL,FC
SRE,PLD,ZTS,SYF,TEL,PPG,HCN,PGR,PGR,PPG,GLW,ROST,,,SYMC,,CBS,SE,AVP,HNZ,SII,NTRS,BBY,TROW,PAYX,TROW
PPG,HPQ,USD,DFS,KR,SYY,ALXN,FISV,LRCX,FOXA,PGR,STI,,,CCU.1,EA,USX1,SYK,FLR,SYK,CEG,KSS,NUE,PSA,NBL,ZBH
CBS,SRE,GLW,ADM,SHW,PPL,PXD,SHW,HCN,APC,CMI,GLW,,,SCN,RN7,HNZ,TROW,BBY,TROW,MMC,SII,AON,JNPR,OMC,AA
ATVI,ADM,MPC,ZTS,BAX,GLW,MPC,PPG,PPL,FISV,APC,YUM,,,AMT,STJ,STJ,SII,SPL,CEG,STI,EIX,VNO,MCK,AVP,LLL
FIS,CBS,EA,FIS,ILMN,SHW,PPL,HCN,PPG,GLW,ADSK,SYY,,,AVP,SYMC,BBY,KSS,FMCC,CCL,FLR,MUR,SRE,UST.1,CHK,CHK
ISRG,MPC,CAH,EIX,MPC,FISV,AVB,GLW,STI,CMI,FOXA,DLPH,,,EA,SE,CCU.1,OMC,SCN,OMC,TJX,BIIB,PSA,LLL,TROW,TJX
TEL,EA,EIX,ROST,GLW,CCL,FISV,AVB,GLW,CCL,FISV,EL,,,OMC,OMC,TJX,RN7,BEN,BEN,SRE,PCG,LO,HCBK,PSA,NBL
HCN,MTB,MTB,SYY,SYY,LYB,,WMB,FISV,DLPH,CCL,PCG,,,LNC,PFG,PFG,SPL,EA,COF,NE,STI,HIG,VNO,AA,MUR
MTB,MU,CBS,CBS,AVB,EIX,ZBH,PPL,EIX,SYY,SYY,REGN,,,SRE,IGT,SE,TXT,ETN,SRE,PCG,SRE,OMC,MUR,PCP,PAYX
AVB,GLW,ORLY,CAH,EIX,STI,NWL,CMI,SYY,,WY,FISV,,,JAVA,HNZ,OMC,BBY,SII,PCG,BBY,PCP,BTU,PGR,WFT,WMB
AAL,ORLY,HCN,HCA,ADM,AVB,WDC,SYY,AVB,HCN,ED,ED,,,PCG,TJX,PCP,NE,HNZ,EA,EA,FLR,MUR,SBUX,CHRW,OMC
APA,SHW,BHI,HCN,PPL,HCN,PGR,LRCX,ED,PPL,ALXN,APH,,,FITB,JNPR,SYMC,MCK,OMC,SCN,PGR,AON,EQR,EQR,HCBK,BCR
USD,CAH,HCA,BHI,HCN,WDC,APC,APC,DLPH,APH,DLPH,DXC,,,SE,KSS,SRE,CEG,WFR,WFR,AON,K,LLL,OMC,ROH,ITT
DVN,HCN,AVB,WY,CCL,ILMN,EIX,EIX,WDC,WY,APH,ROP,,,MMC,SRE,BTU,STJ,TXT,ETN,OMC,MHFI,NE,BTU,ZBH,XEL
EA,DVN,WY,PPL,WDC,NWL,ILMN,NWL,YUM,WDC,WDC,APC,,,KSS,SCN,TXT,CCU.1,SYK,STJ,JNPR,OMC,EA,AA,XEL,HCBK
EQR,PPL,ADI,AVB,FISV,ED,WY,ED,XEL,YUM,ROP,SYF,,,BTU,F,LNC,BEN,CEG,NBR,CNX,NE,F,SWY,MUR,PCP
EIX,AVB,PPL,BAX,ROST,ROST,CMI,ILMN,EQR,PCAR,DXC,CCL,,,XRX,CNX,XRX,NBL,TROW,AON,K,JNPR,PGR,TEL,EQR,VNO
PPL,EIX,FISV,SHW,WMB,LRCX,WMB,MTB,CMI,ROST,EIX,PEG,,,WY,LNC,K,HNZ,SRE,BBY,CMI,VNO,ED,PAYX,CLX,DGX
FISV,ZBH,SHW,GLW,WY,PGR,HCA,,APH,PXD,YUM,PXD,,,JNPR,XRX,RN7,SRE,F,MMC,MHFI,CMI,JNPR,BBY,APOL,ETN
CAH,PCAR,BAX,ILMN,BHI,WY,SYY,YUM,WY,EIX,ROK,WY,,,MHFI,JAVA,WY,CNX,CBS,NYX,A,LNC,PGN,PCP,LLL,APOL
GLW,WMB,ILMN,FISV,CBS,AAL,MTB,EQR,WMB,ED,PPL,CMI,,,NTRS,IP,WWY,SYMC,LNC,PCP,PCP,SWN,PFG,NBL,FLR,FLR
STJ,HCA,MU,ORLY,HCA,XEL,AAL,WY,VTR,ROP,PXD,EIX,,,F,TXT,KSS,JNPR,NTRS,LHHMQ,KSS,LLL,BXP,S,BCR,EQR
MU,ILMN,AAL,CCL,ED,YUM,EW,AAL,DXC,WMB,MTB,DFS,,,TXT,MHFI,LLL,ETN,AON,TJX,VNO,LO,IP,CHRW,S,RSG
AZO,BAX,NWL,ZBH,DFS,EW,ED,WDC,EL,ADSK,PCAR,XEL,,,LLL,K,NE,WFR,JNPR,CBS,SCN,PGR,LNC,BRIXX,WY,ROH
ADI,WY,ED,WMB,ZBH,CMI,VTR,ZBH,EW,AVB,XEL,MNST,,,STJ,LLL,TROW,MMC,CMI,CMI,NBL,XRX,PCP,BCR,MHFI,CLX
WY,FISV,PCAR,WDC,MTB,MTB,CAH,CAH,CBS,MTB,AVB,SWK,,,SBUX,PCG,PCG,PCG,PH,NTRS,EP,A,SBUX,ROH,TEL,HRB
ED,CCL,ZBH,MTB,EQR,ZBH,YUM,DLPH,ADM,DXC,EL,MTB,,,MUR,TROW,JNPR,LNC,MMC,MHFI,NYX,CNX,SCN,NE,ETN,FRX
PCAR,IP,CCL,ED,LRCX,EQR,EQR,CBS,SYF,DLR,DFS,MCO,,,TJX,NBL,SWY,NTRS,PCG,AES,EDS.,NBL,LUV,LUV,ITT,VMC
VTR,ADI,PEG,PCAR,PCAR,ADM,ROP,EW,PEG,EQR,PEG,PH,,,IP,MMC,SII,TJX,SWY,A,SWN,BXP,PAYX,MHFI,AEE,INTU
PEG,AAL,INCY,INCY,CMI,VTR,DFS,PCAR,ROP,EL,ROST,PPL,,,CI,MTLQQ,SBUX,SWY,KSS,STI,LNC,ETN,A,BXP,FRX,BRCM
YUM,WDC,WMB,CMI,EW,WMB,ADM,XEL,INCY,DFS,HCN,AVB,,,SWY,NE,NTRS,AON,STJ,PGR,XRX,CEG,SWN,CLX,DGX,TEL
CCL,YUM,VTR,VTR,PGR,HCA,DLPH,ADM,BCR,ADM,SWK,HCN,,,NVDA,SBUX,MMC,PFG,TJX,SWY,FNMA,PFG,NYX,,VNO,CAG
IP,NWL,EQR,,IR,DLPH,CBS,VTR,NWL,XEL,EQR,EW,,,HUM,WWY,CNX,LLL,PFG,BBT,ITT,EP,SWY,PPG,NE,WFT
SHW,APA,CMI,PGR,CAH,BHI,IR,ROP,PCAR,HPE,ZBH,ROK,,,HNZ,NTRS,F,FLR,NVDA,EDS.,LLL,CI,INTU,ITT,PPG,MHFI
BAX,ED,YUM,EQR,NWL,CAH,IP,APH,ZBH,ZBH,SYF,PCAR,,,IGT,WAMUQ,IGT,PH,EP,KSS,LHHMQ,IR,ITT,WY,EXPD,CA
HCA,CMI,PGR,NWL,XEL,IR,XEL,SYF,ROST,USD,DLR,EQR,,,TROW,WY,FLR,WY,A,STR,ISRG,WY,HCP,INTU,BRL,TAP
NWL,PEG,DVN,PEG,ORLY,ROP,PCAR,BCR,APC,IP,PH,HCA,,,CNX,PGR,NBL,K,PGR,BRCM,IP,ITT,XRX,CPB,INTU,NYX
WMB,EQR,VRTX,XEL,VTR,UAL,BHI,DFS,MTB,PEG,MNST,TROW,,,A,USX1,FRX,MHFI,K,XRX,SWY,IP,MHFI,NYX,RN7,EXPD
UAL,VTR,,DVN,PEG,APH,BCR,HCA,HCA,SYF,BCR,AMP,,,PGR,SWY,JAVA,MTLQQ,BRCM,K,ETN,SWY,FLR,A,LH,AEE
CMI,PGR,XEL,APH,ROP,PEG,SYF,PEG,MNST,VTR,MCO,ALXN,,,AMP,SII,AON,WAMUQ,MHFI,LO,EQR,ISRG,IR,SLE,BBY,HCP
APH,VRTX,WDC,DLPH,APH,CBS,LRCX,INCY,DFS,BCR,IP,BCR,,,AON,CI,IR,XRX,SBUX,CAM,LO,PGN,CBS,CAG,,PPG
XEL,AZO,IP,YUM,BCR,DFS,APH,IP,MCO,PH,AMP,DLTR,,,AES,FRX,MHFI,CMI,VNO,PH,BXP,EQR,UST.1,XEL,PH,LH
ZBH,XEL,BXP,AAL,YUM,ORLY,ROST,IR,ADSK,EW,WMB,ADSK,,,K,BGIXX,AMP,VNO,LLL,TXT,IR,SBUX,NBL,RN7,CPB,SBUX
PGR,FCX,UAL,USD,IP,,PEG,KR,IP,MCO,ADM,WMB,,,WWY,FLR,ETN,COH,WY,VNO,LUV,SCN,HCBK,BRCM,BRCM,SLE
FITB,APH,ROP,PH,DLPH,PCAR,DXC,PH,PXD,HCA,VFC,DLR,,,FRX,AON,PH,JAVA,AES,LNC,WY,LHHMQ,PPG,HCP,ECL,XRX
EW,EW,AZO,IR,AAL,BCR,SWK,EL,AAL,SWK,HPE,VFC,,,NBL,FITB,VNO,PGR,COH,IR,CBS,WFR,BCR,SII,A,PH
OMC,IR,APH,ROP,SYF,ALXN,EL,DXC,SWK,MNST,IR,TSN,,,ETN,AES,CAG,BRCM,EDS.,ESV,PGN,ED,ISRG,ETN,TAP,
KEY,CXO,AMP,LRCX,PH,ADSK,INCY,AMP,IR,ROK,VTR,ZBH,,,VNO,NVDA,EP,IR,XRX,JNPR,PFG,LUV,ETN,DGX,CAG,COH
PAYX,UAL,FITB,IP,DXC,DXC,PH,MCO,PH,IR,TROW,WDC,,,USX1,A,IP,BXP,RN7,ITT,BRCM,CBS,CI,APOL,CA,BXP
WDC,OMC,DLPH,AZO,INCY,INCY,KR,ROST,CAH,CERN,MCHP,IP,,,M,ETN,BGIXX,EP,IR,SBUX,AES,PAYX,USX1,IP,PBCT,BBBY
CXO,BXP,IR,SWK,SWK,IP,UAL,ADSK,COL,AMP,FTV,KR,,,COH,AMP,CI,CI,ITT,LLL,FRX,PSA,AIG,EA,VMC,WY
IR,USD,PH,BXP,DVN,SWK,ROK,SWK,ROK,TROW,HCA,DG,,,ED,HUM,EQR,SBUX,NBR,PGN,TXT,FRX,EP,FLR,SBUX,LUV
BXP,FITB,KEY,OMC,ROK,PH,NTRS,OKE,AMP,FTV,COL,HPE,,,NE,IR,FITB,PAYX,BXP,PFG,ED,NYX,SLE,FRX,BRIXX,HUM
NTRS,PH,EW,UAL,UAL,EL,KEY,ROK,RCL,CBS,A,VTR,,,PGN,EP,AES,AES,IP,BXP,F,PH,XEL,CA,SLE,GPS
NUE,PAYX,OMC,AMP,AMP,SYF,MCO,MNST,A,DG,WLTW,FTV,,,EP,COH,PAYX,ITT,CAM,WY,SBUX,BRCM,PH,XRX,RRC,PBCT
DG,ROP,APA,ROK,AZO,MNST,MNST,HIG,WEC,COL,EW,FITB,,,PH,VNO,PSA,CAG,JEC,ED,PAYX,PPG,CMI,BRL,BXP,COL
ILMN,KEY,NUE,EW,MCO,ROK,ORLY,FITB,OKE,CAH,DLTR,ADM,,,MAR,ED,NVDA,FITB,CAG,F,WFR,AES,CAG,EXPD,BTU,FO
PH,NEM,PAYX,APA,KEY,WEC,OKE,TROW,NEM,NWL,RHT,RHT,,,NCC,PH,BXP,NVDA,EQR,FRX,CI,TXT,HOG,COH,LUV,CPB
K,ROK,ROK,KEY,NTRS,DTE,ADSK,WEC,TROW,OKE,RCL,CERN,,,SLM,,PGR,ED,CI,FMCC,CAM,CAM,ROH,LH,NYX,UUM
ROP,DLPH,CXO,CXO,SYMC,MCO,FITB,VFC,DTE,MCHP,FITB,IR,,,APOL,PGN,A,PSA,ED,BGIXX,PH,NBR,CHRW,AEE,GPC,DOV
WEC,SWK,LRCX,WEC,NUE,OMC,CERN,USD,VFC,VFC,CERN,A,,,BXP,CAG,PGN,IP,PAYX,NVDA,NBR,F,UUM,EP,SII,BTU
TROW,DG,SWK,FITB,DLTR,SWKS,AMP,NEM,ES,WLTW,WEC,WEC,,,PAYX,MAR,ED,EQR,GGP,ISRG,PSA,AMP,CLX,BBBY,HRB,GPC
CFG,LRCX,MYL,NUE,EL,ES,HIG,KEY,KR,FITB,DG,AAL,,,SII,M,MTLQQ,A,FRX,EQR,ESV,IVZ,FRX,ISRG,GPS,ICE
VRTX,WEC,CFG,SYMC,BXP,A,ES,FTV,CERN,AAL,TSN,WLTW,,,,PAYX,FO,GGP,IGT,PAYX,PPG,COH,FO,CBS,XRX,JEC
DLTR,CFG,WEC,EL,USD,CERN,WEC,FCX,HIG,A,SWKS,PAYX,,,PPG,EQR,COH,M,PGN,PSA,CAG,ESV,PCL,RRC,PCL,ECL
DLPH,NUE,K,PAYX,OMC,DLR,OMC,ES,MCHP,DLTR,OKE,COL,,,IR,CMI,MAR,PGN,STR,IP,SLE,CAG,ECL,ECL,EA,SHW
NEM,HIG,VNO,NTRS,FTV,PAYX,A,CXO,FITB,RCL,CBS,RCL,,,ITT,BXP,GGP,ICE,CHRW,CI,,INTU,COH,PH,DTE,PFG
HIG,K,RF,MCO,CERN,NTRS,FTV,SWKS,FCX,KEY,AAL,NTRS,,,FLR,JCP,,IGT,PSA,COH,HCBK,BGIXX,CNX,HRB,F,FISV
MNST,TSN,MCO,MNST,WEC,FTV,BXP,DTE,SWKS,TSN,PAYX,HIG,,,GNW,GNW,SLE,FRX,AMP,RRC,AMP,HCBK,KIM,ICE,COH,NE
TSN,VNO,ES,ES,PAYX,CXO,DTE,A,FTV,SYMC,NTRS,ORLY,,,FO,ITT,M,AMP,FO,JEC,DOV,SLE,CAM,PCL,HSY,DTE
VNO,DLTR,DG,DLTR,CXO,SYMC,WLTW,UAL,RHT,HIG,NWL,DTE,,,CAG,PPG,PPG,CAM,SLM,FO,JEC,ROH,GPS,GPC,AYE,PCL
TAP,EL,NTRS,VFC,ES,KEY,VFC,RCL,NTRS,NEM,SYMC,CXO,,,JCP,PSA,KIM,CHRW,DOV,LUV,ROH,KIM,AMP,FITB,SHW,HSY
RF,AMP,EL,FTV,DTE,BXP,NUE,DG,WLTW,WEC,HIG,ES,,,BSC.1,SLM,GNW,STR,CA,CAG,CA,HOG,,MTZ,FO,MAT
DTE,TAP,HIG,DTE,CFG,WLTW,RCL,EXPE,DLR,INCY,ES,KEY,,,BRCM,NCC,STR,NBR,ESV,PPG,BCR,DOV,ESV,ADI,CTSH,AYE
VFC,RF,TAP,K,DG,AMP,DG,WLTW,KEY,NTRS,DTE,CBS,,,COL,FO,HOT,JEC,ADI,CTSH,STR,CA,BRCM,HSY,DOV,MAR
AMP,DTE,DLTR,SWKS,TSN,NUE,APA,CERN,DLTR,RHT,CXO,SBAC,,,EDS.,BCR,BCR,FO,PPG,CHRW,HOG,BCR,AEE,MAR,FISV,STR
MYL,NTRS,TSN,HIG,DLR,DG,PAYX,NTRS,SBAC,CXO,KEY,MCHP,,,INTU,JEC,EXPD,SLE,JAVA,BJS,KIM,,CPB,GPS,STR,CBS
ES,ES,DTE,BCR,APA,RCL,TSN,SYMC,BXP,DTE,CAH,CFG,,,SLE,COL,NBR,MAR,M,GGP,ADI,FITB,VMC,KEY,ICE,ABC
SWK,MYL,NEM,DPS,SWKS,DLTR,EXPE,APA,DG,DVN,DVN,DVN,,,EQR,CAM,CMI,COL,CTSH,ADI,FO,FO,BBBY,STR,FITB,IVZ
LRCX,BCR,BCR,FCX,MNST,HIG,DLR,BXP,TSN,ES,INCY,RF,,,KEY,STR,RRC,BGIXX,EXPD,EXPD,NTAP,HCP,DGX,VMC,JEC,ADI
ROK,MCO,SYMC,MYL,FITB,NEM,CFG,ORLY,SYMC,PAYX,NEM,NEM,,,EXPD,GPS,ITT,KIM,COL,DOV,INTU,STR,IVZ,DOV,COL,AES
EL,LVLT,FCX,TSN,VFC,K,CXO,PAYX,PAYX,ORLY,MYL,OKE,,,CMI,HOT,COL,PPG,FITB,AMP,COH,JEC,LUK,COL,SIAL,IR
DPS,MNST,SWKS,DG,NEM,MCHP,MYL,DLR,EXPE,FCX,CFG,MYL,,,BCR,BSC.1,CHRW,GNW,KIM,SLM,XEL,CHRW,AES,DVA,AIG,RN7
HES,SYMC,CLX,NEM,HIG,MYL,TROW,NUE,CLX,CFG,FCX,AZO,,,HOG,SLE,AEE,RRC,HOG,CA,BJS,XEL,CA,IR,SJM,EP
FCX,DLR,TROW,RF,RCL,VFC,MCHP,MCHP,ORLY,BXP,SBAC,BXP,,,PSA,RRC,HCBK,EXPD,MAR,INTU,AEE,UUM,FISV,DC7,IP,F
BCR,VMC,VFC,TAP,K,FITB,SWKS,TSN,NUE,SWKS,KR,SWKS,,,ICE,ICE,LUV,HCBK,RRC,AEE,HCP,AEE,MAR,DPS,CNX,A
VMC,NBL,FTV,CFG,A,DVN,RF,OMC,ESS,RF,ORLY,PFG,,,LM,LUV,CAM,HOT,SLE,BCR,UUM,M,LH,IVZ,BBBY,CMI
CAG,VFC,DPS,CERN,LVLT,APA,K,MYL,UAL,KR,BXP,ALGN,,,ADSK,HOG,ICE,LUV,ICE,KIM,DGX,NTAP,COL,DTE,DVA,RRC
LVLT,SWKS,DLR,CLX,TAP,ULTA,LVLT,PFG,EFX,NUE,NUE,FCX,,,CHRW,CA,WAMUQ,KEY,MTLQQ,SLE,PCL,GPS,ADI,HOG,HCP,AZO
NBL,DPS,CAG,VNO,PFG,COL,NEM,CFG,RF,EXPE,RF,CAH,,,AEE,LH,ESV,DOV,LUV,HCBK,JAVA,JCP,DOV,CNX,EP,QWST
FTV,FTV,ADSK,A,ADSK,TAP,PFG,RF,OMC,XLNX,XLNX,NUE,,,QWST,NBR,BRCM,ADI,GNW,XEL,CHRW,CF,AVB,FO,CMI,CSC
LB,TROW,MNST,DLR,TROW,CLX,SYMC,RHT,PFG,APA,USD,CLX,,,JEC,AEE,GPS,AEE,WAMUQ,HOG,AYE,DGX,M,VAR,AES,SIAL
WLTW,CERN,CERN,PFG,MYL,LVLT,CLX,DVN,DPS,SBAC,PFG,MHK,,,CAM,BRCM,HOG,BCR,ADSK,JAVA,CTSH,FISV,WB,NCC,UUM,CEPH
DLR,CAG,PFG,ADSK,FCX,CFG,RHT,EFX,CFG,PFG,MTD,SYMC,,,AYE,INTU,JEC,JCP,INTU,AYE,APOL,PCL,ADSK,TAP,ISRG,MFE
MCO,ADSK,LVLT,WLTW,CLX,AZO,COL,K,TAP,CLX,ESS,MGM,,,KIM,LM,INTU,EDS.,AEE,M,FITB,CTSH,HRB,SHW,PBI,CTSH
PFG,WLTW,WLTW,CAG,WLTW,EXPE,DPS,COL,K,OMC,ALGN,CNC,,,HOT,EDS.,CA,CTSH,,UST.1,SLM,MAR,EXPD,CTSH,HUM,PBI
CLX,ULTA,A,ULTA,COL,TROW,ESS,LVLT,DVN,MGM,KLAC,DHI,,,GPS,CTSH,KEY,,HCBK,JCP,COL,COL,JCP,SIAL,WEC,S
XLNX,A,SJM,LVLT,DPS,ESS,DVN,CLX,CXO,MYL,LNC,HRS,,,GGP,ESV,ADI,ESV,LUK,ICE,HRB,HRB,TXT,FISV,VAR,CNX
ESS,SJM,MJN,RCL,RF,PFG,VMC,ESS,XLNX,ESS,HRS,XLNX,,,CVH,FISV,ROK,HOG,AYE,,M,CBE,VAR,AVB,IR,EA
LNC,FTI,RCL,TROW,VNO,DPS,ULTA,DLTR,MHK,AZO,AZO,LNC,,,STR,CHRW,XEL,HST,BCR,LUK,LUK,APOL,BRL,ESV,CEPH,DVA
LLTC,RCL,LNC,VIAB,MCHP,RF,DLTR,DPS,VMC,KLAC,CLX,INCY,,,HST,GGP,EDS.,AYE,XEL,MAR,WAMUQ,MCO,STR,UUM,FAST,SJM
ULTA,CLX,VMC,MJN,ULTA,XLNX,EFX,TAP,LH,CNC,Q,AME,,,XEL,KEY,JCP,XEL,HOT,IGT,FISV,VMC,TAP,MAT,ABC,HRS
SYMC,LNC,ULTA,EFX,EFX,VMC,AZO,LNC,LVLT,LNC,MHK,VMC,,,LUV,UST.1,AYE,GME,HST,COL,CPB,LUK,APH,CBE,MAR,GWW
SJM,O,EFX,O,MJN,EFX,VNO,VMC,MGM,MTD,MGM,OMC,,,ADI,KIM,CTSH,INTU,JCP,LH,ECL,LH,NBR,AES,ADI,EQ
O,LLTC,O,VMC,ESS,TSN,TAP,LH,O,DPS,CNC,K,,,CA,QWST,BJS,ADSK,BJS,GNW,SIAL,CLX,HUM,HST,MTZ,SUN
A,PFG,MCHP,MCHP,EXPE,KLAC,FCX,MGM,MTD,INFO,VMC,UAL,,,BBBY,HST,HST,DC7,ROK,DGX,MAR,ADI,CBE,AZO,MAT,CBE
MRO,FOX,LLTC,FOX,CAG,MJN,XLNX,MHK,CNC,UAL,GPN,DPS,,,HCBK,APOL,GME,LUK,HUM,ADSK,UST.1,ECL,HST,JCP,DC7,AMP
ADSK,HSY,NBL,SJM,VMC,HSY,ABC,O,LNC,HRS,APA,AWK,,,TGNA,AYE,LH,CA,FISV,RN7,AVB,ADSK,PBI,CAM,SRCL,BMC
GGP,MCHP,ESS,RHT,O,BBY,LH,XLNX,RSG,VMC,WAT,ESS,,,LH,EXPD,UST.1,SLM,VRSN,ECL,EXPD,BBBY,MTZ,CMI,IVZ,BFB
CERN,XLNX,HBAN,ESS,RHT,VNO,MHK,BHGE,ANDV,BHGE,LH,INFO,,,ROK,XEL,DOV,GR,BGIXX,MEE,VAR,CPB,FITB,ABI,CTXS,IP
HBAN,ESS,HCP,NOV,XLNX,CAG,BBY,ABC,HRS,O,K,MTD,,,VMC,HCBK,FISV,BBBY,NTAP,GPS,TAP,VAR,LLTC,ALTR,HSP,SII
HSY,HBAN,ABC,HSY,KLAC,RHT,BEN,BBY,DGX,LVLT,DPS,LH,,,FISV,DOV,TT,GPS,UUM,HOT,CLX,UST.1,VFC,FAST,CINF,ISRG
EFX,EXPE,NOV,FTI,HSY,FCX,MTD,BEN,AZO,K,OMC,KLAC,,,CLX,UUM,CLX,LH,BBBY,TAP,LH,DC7,MCO,M,QWST,ALTR
GPC,VIAB,HSY,EXPE,VIAB,MTD,O,AZO,BEN,MHK,ALB,HLT,,,MAS,ADI,DC7,HCP,VMC,FISV,RRC,BJS,BRIXX,PBI,BMC,HIG
NOV,ABC,FTI,FAST,SJM,ABC,HSY,TSO,INFO,HSY,INFO,APA,,,ECL,ROK,BBBY,NTAP,KLAC,NTAP,HUM,HUM,RN7,AIG,AVB,WEC
NLSN,MLM,VIAB,NBL,BEN,MHK,LNC,DGX,HSY,LH,AME,WRK,,,DC7,MCO,SIAL,FISV,GPS,HCP,CBE,SLM,CTSH,KIM,HRS,LLTC
MLM,GGP,RHT,KLAC,LNC,DGX,DGX,HCP,APA,HBAN,WRK,BBY,,,GME,ECL,UUM,BJS,UST.1,VRSN,GGP,EXPD,RRC,WEC,EQ,XLNX
MCHP,LB,BEN,HCP,HCP,SJM,HCP,HSY,KLAC,AME,AWK,WAT,,,UST.1,CVH,LUK,LM,CBE,PCL,BGIXX,AVB,JEC,AYE,ESV,VFC
HST,HES,NLSN,LNC,IDXX,O,BLL,MSI,AEE,RSG,LVLT,HBAN,,,UUM,CLX,HUM,HUM,DC7,BBBY,MAT,AYE,DC7,GWW,SUN,LNC
CTXS,GPC,XLNX,HBAN,MHK,IDXX,XRAY,INFO,WAT,BBY,ANDV,HSY,,,SHLD,ATI,ECL,TT,LH,CPB,GPS,HST,HSY,XLNX,KEY,FITB
HCP,FAST,XRAY,LH,NBL,HCP,WAT,MTD,GPN,TAP,ETR,AEE,,,CTSH,PBI,LM,ECL,LLTC,CLX,BBBY,SIAL,SIAL,APH,CAM,CINF
SWKS,NOV,LH,ABC,DISH,RSG,HSIC,BLL,AME,ALB,EXPE,ETR,,,XL,TT,CPB,UUM,GR,LLTC,CSC,BRL,DTE,MCO,GWW,AVB
RCL,CTXS,GGP,BEN,DGX,LNC,RSG,RSG,AWK,ANDV,UAL,CAG,,,DOV,VRSN,SHLD,ROK,TT,HST,ADSK,FNMA,AIZ,LLTC,VFC,CI
BEN,EFX,FAST,MHK,FOX,HSIC,HBAN,DISH,MYL,LLL,BLL,LLL,,,CBE,KLAC,AVB,QWST,CSC,UUM,BRL,XLNX,GPC,SLM,ROK,NTAP
EXPE,MRO,RSG,DISH,XRAY,XRAY,CAG,IDXX,FE,BEN,HBAN,IQV,,,NTAP,LUK,PBI,DGX,HCP,PBI,AKS,LLTC,MAT,HUM,CBS,DC7
MSI,HCP,EXPE,RSG,RSG,DISH,KLAC,ULTA,WRK,BLL,HSY,MSI,,,PBI,BJS,ADSK,KLAC,TAP,CSC,MCO,RRC,XLNX,ABC,XLNX,ROK
FAST,CTL,FOX,XLNX,AWK,BEN,DISH,HSIC,MSI,GPN,AEE,GPN,,,ABC,CBE,HCP,UST.1,PCL,XLNX,ICE,CSC,MAS,F,LIFE,GR
WHR,LH,MHK,XRAY,LH,BLL,WRK,KLAC,BHGE,Q,TAP,DOV,,,GR,VMC,MAS,LLTC,GME,MCO,DC7,PBI,WFR,PFG,ALTR,FAST
LH,GWW,GPC,FE,CTL,WAT,ADS,AWK,BBY,WRK,DHI,NTAP,,,RRC,BBBY,TAP,VRSN,DGX,EQ,VMC,GME,FAST,BMC,NTAP,CAM
BLL,BEN,STX,MSI,FTI,ETR,IVZ,NLSN,ETR,WAT,RSG,XRAY,,,DGX,CSC,ATI,CPB,CLX,HRB,XLNX,JAVA,APOL,NVDA,LLTC,ACS
FOX,NLSN,KLAC,NLSN,HBAN,LH,IDXX,WRK,LLL,AWK,BBY,ANDV,,,MAT,NTAP,MAT,AVB,ECL,SIAL,GNW,NVDA,PXD,HRS,CNP,CEG
XRAY,MHK,ADS,AWK,MSI,MLM,MSI,HBAN,HCP,IVZ,MSI,NWL,,,NBR,DGX,VMC,PBI,XLNX,DTE,LLTC,MAT,ALTR,VFC,CEG,SRCL
ADS,RHT,AWK,HRS,HRS,AME,WHR,GPN,BLL,TXT,O,O,,,TT,GR,MCO,MCO,AVB,KLAC,HST,GNW,AYE,ADSK,SLM,ADSK
FE,BLL,HSIC,ADS,BBY,HRS,TSO,MLM,HSIC,DOV,DOV,FE,,,KLAC,TAP,SLM,TAP,KEY,BMC,JCP,EQ,HRS,LUK,BFB,MTZ
ETR,MSI,FE,MLM,ADS,AWK,INFO,XRAY,HBAN,GPC,LLL,EXPE,,,MCO,CBH,GR,CBE,BMC,CBE,WAT,GPC,HSP,CTXS,MCO,EQT
RSG,WRK,ETR,ETR,NLSN,GPN,AME,AME,CMS,CAG,HLT,VRSK,,,RRD,AVB,VRSN,VMC,PBI,AVB,EQ,VFC,CSC,AMP,CSC,JCP
TXT,HST,MLM,HST,MLM,WHR,MLM,FE,IDXX,HLT,FE,FAST,,,VRSN,CPB,DGX,SIAL,MCO,HUM,ABC,GGP,ICE,MI,GR,M
ABC,KLAC,HES,GPC,ETR,MSI,AWK,IVZ,HST,AEE,IVZ,RSG,,,LUK,SUN,CBE,CLX,SIAL,COG,IGT,ROK,NTAP,GR,NCC,VAR
MJN,STX,HRS,GGP,HSIC,CMG,GPN,FOX,ALGN,KMX,IDXX,ALB,,,AVB,SIAL,PCL,SHLD,HRB,SVU,DTE,MAS,ABC,CSC,CBE,NVDA
CTL,WHR,GWW,IDXX,WHR,CTL,CNC,SJM,ABC,MSI,HST,GGP,,,ESV,DC7,QWST,MTZ,ATI,VAR,ALTR,DTE,NVDA,MCHP,JCP,CNP
L,RSG,MRO,STX,GPC,HBAN,FOX,HRS,MLM,NBL,CAG,HST,,,GPC,ADSK,NTAP,CSC,QWST,GPC,PBI,WAT,DVA,CI,AZO,USX1
XEC,ADS,DGX,HSIC,WAT,AEE,SJM,HST,FOX,NLSN,XRAY,IVZ,,,CBH,MAT,CCE,HRB,SVU,MTLQQ,GPC,ALTR,KEY,GME,VRSN,CTXS
AWK,AWK,WRK,DGX,CMG,GPC,ETR,ETR,IVZ,XRAY,BEN,TXT,,,JWN,FIS,XLNX,XLNX,CPB,GME,RN7,HOT,WHR,BFB,NVDA,HSP
WRK,XRAY,WHR,MRO,ABC,WRK,GPC,WAT,DOV,FE,TXT,CMA,,,SUN,PCL,VFC,TEX,GPC,VMC,ROK,TAP,ABI,JEC,APH,AIG
DGX,MJN,HST,BBY,LLL,FTI,GGP,CAG,HLT,ETR,CMA,TAP,,,CSC,ABC,LLTC,GPC,MAT,ABC,GME,IGT,EQ,NTAP,DPS,XRAY
HRS,FE,AEE,AEE,WRK,ADS,HST,TDG,Q,HST,KMX,BEN,,,PCL,SHLD,ROH,APOL,LM,WAT,HOT,ABC,SLM,LNC,NBR,APH
AEE,HSIC,CTL,CTL,NOV,CMS,WFM,AEE,NLSN,NOV,CMS,EQT,,,MI,JWN,HRB,PCL,TEX,ROK,KLAC,RN7,WAT,HSP,WAT,KEY
GWW,L,MSI,HES,BLL,TDG,AEE,VNO,TXT,ALGN,MLM,CTL,,,FIS,TGNA,HSP,SVU,EQ,HSP,NVDA,SHLD,EL,NDAQ,MI,KIM
MHK,XEC,IVZ,CTXS,FE,HST,COH,CNC,DISH,ABC,NBL,CMS,,,ATI,CCE,KLAC,ATI,DTE,BFB,VRSN,GR,JAVA,TXT,AMP,SLM
VRSK,ETR,CHD,WRK,MTD,CHD,HRS,LLL,CAG,DHI,L,LB,,,CPB,GPC,TGNA,MCHP,ALTR,FIS,BMC,HSP,BFB,ZION,HOG,DNB
TDG,VRSK,VRSK,TXT,HST,LLL,TDG,L,L,IDXX,BHGE,BLL,,,DTE,ACAS,CSC,CVH,CVH,RRD,MTLQQ,KLAC,SHW,MKC,ACS,MKC
AAP,AEE,IDXX,LLL,AEE,GGP,LB,ADS,XRAY,CMA,FAST,CBOE,,,EQ,TEX,ABC,MAT,RRD,DC7,VFC,LM,GWW,USX1,HST,DPS
RHT,TXT,LLL,BLL,IVZ,NBL,L,WFM,CNP,WHR,TDG,ABC,,,MCHP,MAS,GPC,ROH,MCHP,AIZ,ABI,VRSN,BJS,WAT,WIN,WIN
IVZ,KMX,BLL,L,HES,NLSN,LLL,VRSK,ULTA,VNO,VRSK,L,,,ANF,RRD,ACAS,BMC,FIS,ALTR,HSY,LTD,XL,IGT,POM,ESV
KLAC,HRS,L,COL,FAST,FOX,CTL,FTI,ALB,ULTA,EMN,MAS,,,MTZ,ROH,WHR,MAS,MAS,VFC,GR,BMC,GME,CEG,FDO,LIFE
HSIC,DGX,TXT,CHD,AME,COH,VRSK,CHD,VNO,L,SNPS,IDXX,,,VFC,GME,FIS,ABC,ROH,MAT,HSP,ICE,KLAC,EQ,XRAY,MAS
VIAB,CMG,TDG,CMG,L,TXT,FE,COH,TDG,HCP,EFX,FOX,,,ROH,VFC,RRD,DTE,ABC,APOL,BFB,ABI,ROK,QWST,MKC,HST
KMX,LLL,LB,WHR,CMS,FE,CHD,DOV,WHR,GGP,GPC,EFX,,,ACAS,HSP,TEX,TGNA,MTZ,SAF,MAS,WHR,BMC,CINF,TXT,HOG
OKE,BBY,ARNC,CMS,VRSK,DOV,CMA,TXT,EMN,CMS,NOV,GPC,,,NWL,ANF,DTE,RRD,HSP,QWST,SAF,XL,MCHP,HOT,ADSK,BLL
COL,AAP,MTD,DOV,GGP,L,NLSN,WHR,ADS,EMN,VNO,TDG,,,CMA,VAR,NWL,ALTR,VFC,ATI,MEE,SAF,LM,POM,NWL,DRI
PRGO,DOV,AME,WAT,TXT,STX,NBL,NBL,KMX,FAST,CBOE,SNPS,,,CCE,XLNX,HSY,MI,TGNA,GR,MCHP,HSY,MTLQQ,WFR,ZION,MCO
LLL,CPB,WAT,GWW,CHD,ALB,CMS,GGP,CHD,HSIC,DGX,COG,,,WHR,DTE,SVU,VFC,HSY,LM,QWST,BFB,SHLD,CMA,AW,POM
CPB,AKAM,DOV,VRSK,CNC,IVZ,HLT,CMS,VRSK,VRSK,COG,URI,,,BGIXX,WHR,CINF,HSP,APOL,ROH,GWW,WAMUQ,CCE,EL,GME,CCE
CMA,CMS,COL,MTD,CTXS,CTXS,HOLX,CTL,FAST,MLM,CTAS,CTAS,,,CTXS,GT,NCC,CCE,AKAM,AKAM,DVA,DVA,IGT,VRSN,PFG,TMK
DOV,AME,CMS,AME,LB,FAST,FTI,HLT,DHI,EFX,CNP,VNO,,,VAR,XL,ANF,GT,AIZ,MAS,AIZ,MCHP,ACAS,ROK,USX1,VRSN
CMS,GPN,CMA,IVZ,MRO,CNC,TXT,ALB,COO,DGX,MAS,DGX,,,SIAL,EQ,BMC,ANF,SNDK,MCHP,WHR,RRD,HOT,NBR,BJS,NCC
BBY,CHD,CTXS,GPN,GPN,NOV,HAS,CMA,SJM,HES,ABC,ETFC,,,HSP,BMC,CVH,EQ,BFB,ABI,LM,AZO,MI,KLAC,BLL,KLAC
CHD,IVZ,KMX,CNC,CMA,VRSK,NOV,ALGN,MAA,CNP,HSIC,EMN,,,CINF,NWL,SUN,JWN,CTXS,WIN,SHLD,AKS,GR,ACS,LNC,SCN
AKAM,COL,GPN,CMA,HOLX,HES,FAST,GPC,GPC,FTI,FMC,SJM,,,XLNX,CTXS,MCHP,HSY,JWN,HSY,RRD,GWW,CF,CNP,LUK,FDO
CINF,CMA,BBY,ALB,DOV,LB,DOV,FAST,SNPS,TDG,NLSN,CBG,,,BJS,HSY,GT,XL,ANF,MTZ,AZO,KEY,RRD,NWL,MAS,HAS
HOLX,OKE,CMG,OKE,ALB,CNP,MAS,NOV,FTI,MAS,GGP,MLM,,,SVU,CINF,MTZ,AIZ,ACAS,FITB,XL,SHW,TMK,BJS,MCHP,WAT
EQT,ALK,ALK,CNP,STX,VIAB,EMN,VIAB,GGP,COG,HCP,ULTA,,,BMC,LLTC,EQ,SNDK,TIF,CTXS,SVU,QWST,AZO,FDO,WFR,EL
STX,EMN,CNC,HOLX,TDG,ARNC,MAA,HOLX,CMA,CTAS,MRO,NBL,,,HRB,MTZ,MI,ACAS,XL,ANF,MTZ,EL,VRSN,AVY,CMA,MCHP
MAA,HOLX,XEC,ARNC,CNP,HOLX,CTXS,KMX,COG,MKC,CDNS,CNP,,,AIZ,HRB,APOL,FIS,SHLD,JWN,HAS,MTLQQ,CRM,SCN,TEG,GME
AME,WAT,EMN,EMN,ARNC,CMA,VIAB,CNP,MAS,DISH,SJM,BHGE,,,LLTC,MI,VAR,WAT,WAT,GWW,CVH,AIZ,CNP,MAS,HAS,MI
SLG,MTD,CNP,ALK,MAS,MAS,CNP,MAS,CTXS,CBOE,FTI,LEN,,,TAP,AIZ,JWN,CTXS,MU,KEY,WIN,TIF,LTD,TMK,CI,AIZ
ALK,CNP,MAA,MAA,EMN,MKC,DHI,DHI,COH,SNPS,TSS,NOV,,,HSY,WAT,AIZ,AKAM,GWW,EL,SHW,CTXS,MKC,HAS,AVY,LUK
EMN,SLG,NTAP,XEC,WFM,HAS,CMG,EMN,FMC,CHD,CTXS,WYNN,,,GT,AKAM,ALTR,SAF,EMN,TMK,FMCC,WIN,CMA,TEG,NI,IGT
MTD,MKC,AAP,COH,JNPR,EMN,HES,HES,CTAS,MAA,RMD,UNM,,,TEX,MCHP,BFB,CINF,GT,EMN,TMK,MTZ,ACS,CF,IGT,AVY
M,IDXX,SLG,DHI,DHI,KMX,USD,CTXS,CINF,SJM,WHR,ANSS,,,SHW,ALTR,WAT,TMK,MI,CNP,CNP,JWN,CVH,MU,PL,BJS
COG,MOS,CPB,COG,MKC,MAA,COG,HAS,NOV,FMC,HES,CTXS,,,LTD,ABI,ABI,VAR,WIN,WAMUQ,MKC,TMK,WIN,NI,EFX,NBR
WAT,PRGO,CHRW,NTAP,OKE,XL,ALB,MAA,TSS,ETFC,URI,MRO,,,ZION,MU,TMK,MU,SAF,AZO,KEY,CVH,QWST,SUN,KLAC,CRM
CMG,MAS,HOLX,AMD,XEC,SNPS,COO,COO,PRGO,WYNN,XYL,KMX,,,SNDK,WIN,CTXS,EMN,LTD,RDC,JWN,MEE,NWL,AW,RHI,NDAQ
KIM,CHRW,UNM,LB,MAA,DHI,KMX,NTAP,ETFC,URI,MKC,FTI,,,WAT,TMK,WIN,GWW,VAR,SHLD,EL,CNP,AVY,RRD,PTV,PL
GPN,TDG,ALB,UHS,HAS,JNPR,STX,IT,XYL,NTAP,ETFC,FMC,,,EKDKQ,SVU,TIF,BFB,ABI,TEX,POM,MKC,POM,WHR,FIS,EFX
JNPR,CNC,OKE,KMX,SNPS,CPB,ALGN,CTAS,ARNC,MRO,NTAP,HCP,,,TMK,CMA,LTD,LTD,CINF,POM,LTD,SUN,CINF,JAVA,KIM,TXT
CNP,MAA,MKC,CPB,CPB,DRI,XL,XL,WYNN,COH,ULTA,TSS,,,ALTR,BFB,CMA,NWL,CCE,TIF,CTXS,HAS,CTXS,HBAN,EL,TEG
MKC,URI,UHS,HAS,COG,WFM,DRI,COG,KSU,COO,TPR,NLSN,,,BRL,SHW,MTW,SHW,TMK,ACS,CCE,AVY,JWN,LTD,MTLQQ,HOT
SCG,UNM,MAS,MKC,XL,NTAP,IT,CINF,HAS,UNM,CBG,XYL,,,WIN,AVY,XL,TIF,SHW,LTD,PL,ACS,SVU,TIF,CTAS,PTV
WU,KIM,DVA,TDG,KMX,PNR,PNR,SNPS,ANSS,KSU,UNM,HES,,,AVY,EMN,AVY,WHR,CMA,TGNA,ANF,POM,ZION,EFX,TMK,PNW
AYI,COH,HAS,MAS,IFF,MRO,KSU,CBG,UNM,CINF,PNR,CDNS,,,WFM,SNDK,EL,SUN,WHR,CCE,SUN,TEX,EKDKQ,PXD,HOT,RHI
FRT,CINF,AKAM,AAP,COH,CTAS,SNPS,UNM,ARE,FOX,WYNN,CHRW,,,BFB,MTW,SHW,BRL,NWL,HAS,ATI,NWL,EFX,DF,M,WFR
CHRW,SNA,CINF,CHRW,NTAP,IFF,CINF,ETFC,RMD,IT,ARE,LKQ,,,TIF,ZION,BRL,ABI,CNP,NI,TIF,ATI,TIF,BLL,COG,LM
MOS,NTAP,XL,CINF,UHS,ALK,ALK,LB,IT,PRGO,COO,WHR,,,EMN,AZO,SNDK,WIN,AVY,BRL,TEX,CCE,SNDK,WIN,PNW,FIS
MAS,EQT,MOS,CTAS,CINF,COO,PRGO,EQT,CBG,IFF,IFF,IFF,,,AZO,TIF,GWW,EXPE,AZO,SUN,GT,SVU,HAS,SHLD,CRM,SVU
HOG,ALB,CBG,UNM,PNR,IT,MKC,ANSS,CTL,CBG,MAA,MKC,,,ABI,ACS,EKDKQ,BLL,POM,PL,AVY,PL,CEG,MTLQQ,CF,STZ
TSO,JNPR,DHI,EQT,CBG,OKE,ARE,ARE,MKC,PNR,LKQ,RMD,,,TSO,TSO,DDR,CMA,EL,AVY,NI,CINF,EMN,FLS,HBAN,PBG
DVA,ETFC,COH,SNPS,DRI,CBG,CTAS,ARNC,EQT,HAS,ANSS,ARE,,,GWW,BRL,EMN,AZO,BLL,BLL,MWV,GT,SUN,CRM,WHR,WHR
UNM,FRT,URI,SLG,DVA,COG,UHS,RMD,LKQ,XYL,IT,TPR,,,MU,POM,POM,EL,SUN,NWL,ACS,EKDKQ,STZ,CCE,CCE,CTAS
CTAS,UHS,JNPR,JNPR,ALK,WYN,NTAP,WYN,HOLX,ARE,AJG,AJG,,,CITGQ,GWW,AZO,EKDKQ,ACS,WHR,NWL,SOV,PL,PNW,NDAQ,NI
XL,DHI,PRGO,HOG,UNM,LEN,LEN,PRGO,NBL,EQT,LEN,KSU,,,NI,PDCO,ZION,DDR,HAS,ACAS,EMN,NSM.2,NI,PL,FLS,MYL
CA,XL,KIM,XL,AKAM,CINF,CBG,KSU,IFF,CTXS,CHD,PNR,,,MWV,WFM,ACS,AVY,TSN,CVH,DRI,COG,DRI,PBG,MYL,CMA
COH,CTAS,EQT,URI,CTAS,DVA,WYNN,RE,XL,CDNS,FOX,MAA,,,CNP,EKDKQ,MKC,DRI,EXPE,MKC,CINF,EMN,MWV,LM,TSS,FLS
TSCO,DVA,AJG,DVA,PRGO,ARE,CA,MKC,PKG,AJG,BFB,BFB,,,POM,EL,MWV,ACS,MTW,MU,EFX,MWV,PBG,CTAS,MIL.,TIF
SNA,HOG,M,IFF,SLG,PRGO,SLG,LEN,DRE,LKQ,XEC,CHD,,,DDR,PL,AKAM,HAS,PL,SHW,SOV,EFX,JNS,DRI,TE,MIL.
WFM,ARNC,CTAS,DRI,AAP,XEC,UNM,RJF,JNPR,TSS,KSU,COO,,,SAF,LTD,NI,POM,EFX,TE,NSM.2,ANF,TGNA,HIG,FTR,ZION
UDR,COG,FL,LEN,GWW,UNM,IFF,PNR,LEN,RMD,PKG,HOLX,,,AKAM,EXPE,PDCO,CNP,NI,DRI,RDC,AW,RHI,PTV,CTL,JAVA
EXR,PNR,EXPD,PNR,CHRW,UDR,JNPR,TSS,UDR,RJF,DISH,EXPD,,,MTW,DDR,PBG,ZION,RDC,NSM.2,JNS,NI,TEG,EMN,BMS,HBAN
ALB,SCG,COG,CBG,AMD,KSU,UDR,JNPR,NTAP,PKG,CHRW,DISH,,,HBAN,MWV,TSS,EFX,DRI,TSS,LSI,BLL,BLL,BDK,RRD,WPI
CNC,LKQ,FRT,AKAM,LEN,AJG,WYN,ALK,PNR,WYN,WYN,PRGO,,,ACS,PBG,WFM,MTW,TSS,EFX,BLL,IPG,DDR,XL,LTD,CF
NTAP,CA,CA,TIF,CA,WYNN,RE,UDR,HES,EXPD,RJF,ADS,,,EFX,CNP,DRI,NI,TDC,GT,CMA,TDC,CTAS,SVU,AIZ,RRD
CBG,HRL,HOG,EXPD,IT,UHS,ANSS,EXPD,AJG,ADS,ADS,GWW,,,PBG,NI,CNP,TSN,LSI,AW,COG,ACAS,RL,AIZ,BDK,DF
FL,AJG,IFF,MOS,FL,SLG,ETFC,AJG,WYN,LEN,PRGO,WYN,,,IAC,TDC,EXPE,MKC,MKC,DYNIQ,EKDKQ,RL,MIL.,RHI,DRI,RX
MAT,TSCO,EXR,AJG,EQT,FMC,AJG,LKQ,RE,XEC,LB,HSIC,,,EL,EFX,RDC,TSS,NSM.2,RX,TDC,LSI,AW,ACAS,LM,TSS
PNR,WFM,TSO,CA,EXPD,CA,RJF,AMG,CA,BFB,EQT,RJF,,,EXPE,BLL,MU,NSM.2,DDR,MTW,STZ,CMA,CTL,COG,HIG,CTL
ETFC,WU,SCG,COO,ARE,QRVO,FBHS,AMD,DRI,CA,STX,PKG,,,DHI,HBAN,BLL,PBG,BRL,SNDK,TGNA,RDC,COG,JWN,SVU,FTR
LKQ,IPG,TIF,FL,WYN,TSO,MRO,IFF,VIAB,CHRW,IRM,STX,,,BLL,RDC,EFX,WFM,DYNIQ,CINF,IPG,MIL.,GNW,FIS,SEE,LTD
AJG,EXPD,PNR,ARE,HOG,LKQ,EXPD,SLG,PNW,JNPR,HAS,BWA,,,RX,MKC,TSN,MWV,IPG,TDC,AW,STZ,GT,MIL.,SWK,NWL
EXPD,TSO,SNA,RJF,UDR,AAP,XYL,DRI,URI,AMG,ARNC,CINF,,,BDK,TSS,DHI,RX,ZION,EKDKQ,EXPE,DRI,IPG,LEG,SNI,COG
HRL,SEE,WFM,SNA,COO,TSS,LKQ,MRO,EXPD,LB,HOLX,XEC,,,AMD,RHI,PL,PDCO,AW,MWV,ACAS,FTR,BDK,TDC,WPI,SWK
FFIV,UDR,UDR,ETFC,AJG,PNW,EQT,WYNN,AMD,IRM,EXPD,AMG,,,TSS,DRI,NSM.2,RDC,MWV,DDR,TSN,RHI,FTR,WPI,RL,TSN
UHS,HAS,LKQ,REG,TIF,IPG,TIF,XYL,CHRW,ANSS,CINF,IT,,,RHI,RX,RHI,DYNIQ,RX,TSN,RHI,TGNA,DHI,TSS,STZ,TE
IFF,IFF,COO,WU,LKQ,EXR,DVA,PKG,RJF,AMD,XL,IRM,,,PL,BDK,TSO,PL,PBG,IPG,MI,CTL,TSN,ATI,PBG,KG
DHI,KSU,IPG,UDR,FMC,SCG,ARNC,FBHS,AMG,HOLX,AMG,EXR,,,MYL,SAF,SEE,DHI,NCC,MI,MYL,CTAS,DF,RL,WYNN,TDC
IPG,FL,KSU,FRT,FBHS,EQT,CPB,URI,LNT,FBHS,GWW,FBHS,,,PDCO,AMD,BDK,IPG,EKDKQ,R,CTL,RX,R,SEE,TIF,WYNN
KSU,AYI,WU,TSO,WYNN,FBHS,IPG,CPB,VAR,DRE,BWA,HAS,,,SOV,CITGQ,HAS,AW,PDCO,LSI,AKAM,DDR,FIS,EKDKQ,IFF,AKAM
DRI,CBG,LEN,IPG,SNA,ETFC,TSS,TIF,IRM,CTL,CA,JNPR,,,CTAS,GHC,TDC,JNS,TE,JNS,TE,MI,SEE,TSN,EMN,RL
URI,MAT,HRL,PRGO,ETFC,EXPD,EXR,DVA,PVH,XL,UDR,CA,,,NSM.2,IPG,IPG,LSI,JNS,TEG,TEG,TEG,TDC,MYL,TDC,BDK
XYL,EXR,FFIV,WFM,RJF,CHRW,FMC,FMC,SLG,UDR,CTL,DRI,,,MKC,CTL,SAF,SEE,R,CMA,TSS,PBG,MYL,RX,PXD,ATI
SEE,COTY,AYI,KIM,KSU,LNT,AMD,DRE,TIF,SLG,DRI,PVH,,,GHC,SWK,HBAN,CBG,SSP,EXPE,MIL.,TSN,PNW,SWK,GHC,LEG
KSS,DRI,ETFC,AMG,EXR,SNA,URI,EXR,FBHS,BWA,EXR,UDR,,,TDC,CBG,DYNIQ,MOLX,AMD,STZ,DDR,JNS,LSI,GHC,RX,SEE
PNW,COO,TSCO,EXR,TSO,XYL,GWW,UHS,EXR,EXR,DRE,LNT,,,SEE,SOV,RX,SSP,RL,RHI,RX,TSS,GGP,CTL,JAVA,BMS
ZION,M,AMG,FBHS,WU,TIF,PNW,PNW,UHS,DRI,FBHS,ARNC,,,SWK,WYN,GHC,BDK,STZ,PDCO,R,PDCO,RDC,NSM.2,KG,PHM
LNT,HBI,GT,HRL,PNW,HOG,CHRW,CMG,XEC,ARNC,LNT,VAR,,,JNS,TSN,CBG,MYL,IAC,PBG,PBG,MYL,ANF,SNI,LEG,IFF
HAS,XYL,ZION,SCG,SCG,RJF,SCG,STX,MRO,UHS,NCLH,PNW,,,WYN,NSM.2,IAC,NCC,WFM,CTL,PDCO,SEE,RX,ANF,ATI,GHC
MAC,IRM,DRI,FMC,TSS,GWW,HOG,CA,CBOE,VIAB,RE,SLG,,,IPG,SEE,SSP,R,MYL,MIL.,FTR,BDK,LEG,TGNA,CMS,EMN
COO,LEN,PNW,PNW,FRT,WU,AMG,REG,BFB,PVH,PNW,VIAB,,,CTL,CTAS,CTAS,CTAS,MIL.,SSP,CTAS,AKAM,NSM.2,IFF,PHM,CMS
COTY,JBHT,TSS,FFIV,HRL,VAR,VAR,COTY,STX,LNT,PVH,ZION,,,STZ,DHI,SWK,MIL.,SOV,FTR,MU,NCC,TE,IPG,DF,SNA
LEN,FFIV,LNT,LKQ,AMG,BFB,LNT,FRT,REG,STX,TIF,AVY,,,ODP,MIL.,MIL.,TDC,BDK,MYL,BDK,DF,GHC,LSI,FHN,CVH
VAR,ZION,SEE,GT,MOS,URI,HRL,XEC,ALK,JBHT,QRVO,REG,,,CFC,HAS,WYN,WYN,MOLX,XL,SNI,AMD,FDO,BMS,NSM.2,SNDK
HP,PNW,WYN,WYNN,IPG,HRL,SNA,LNT,BWA,TIF,SLG,DRE,,,DRI,JNS,AW,SWK,SEE,RL,NCC,SWK,SWK,TE,PKI,SHLD
JBHT,LNT,MAT,KSU,REG,COTY,REG,BWA,QRVO,ZION,VAR,XL,,,TSN,STZ,TEG,RHI,TEG,NCC,GHC,FIS,SNI,STZ,MU,FHN
FBHS,GT,IRM,TSCO,URI,REG,FRT,CHRW,DVA,GWW,JNPR,VRSN,,,CBG,SSP,CTL,GHC,RHI,AMD,SEE,TE,PTV,AKAM,AKAM,R
WYN,WYN,FBHS,LNT,XYL,FRT,WU,PVH,FRT,RE,AVY,SNA,,,PNW,IAC,IFF,IAC,CBG,SWK,SWK,SNI,TSS,FTR,SNA,JWN
BF.B,FBHS,BF.B,XYL,GT,AMG,PVH,WU,VRSN,PNW,DVA,HRL,,,MIL.,RL,R,IFF,CTAS,BDK,MOLX,LEG,MOLX,FHN,SHLD,LSI
HBI,TIF,COTY,M,LNT,SEE,AYI,ZION,CMG,ALK,ZION,UHS,,,FTR,DYNIQ,AMD,RL,WYN,IAC,PKI,EXPE,AMD,MWV,EKDKQ,LXK
TIF,AMG,TMK,AYI,M,AMD,XEC,HRL,CPB,REG,VRSN,QRVO,,,AIV,CFC,PNW,TEG,FTR,CTAS,RL,R,EXPE,PHM,R,MOLX
ARNC,TSS,JBHT,TSS,QRVO,BWA,GT,SCG,ZION,DVA,REG,TIF,,,HAS,LSI,MYL,AMD,SWK,MOLX,MTW,PNW,IFF,CMS,LXK,MU
TSS,BF.B,XYL,WYN,SEE,IRM,COTY,IRM,WU,NDAQ,CPB,AKAM,,,RDC,MYL,RL,STZ,CTL,JBL,JBL,PTV,MU,PDCO,TSN,ANF
TMK,MAC,LUK,IRM,KIM,PVH,SEE,VAR,HBI,VRSN,SNA,NCLH,,,PTV,PNW,JNS,FTR,GHC,GHC,PNW,JBL,SNA,LXK,MWV,NSM.2
FTI,CF,BWA,MAT,IRM,NI,ZION,AYI,LB,VAR,WU,TMK,,,LSI,FTR,FTR,DF,AIV,ZION,DYNIQ,FDO,MEE,R,TGNA,SNI
AMG,BWA,QRVO,SEE,BWA,FFIV,AAP,GWW,GWW,CPB,TMK,CPB,,,FII,FII,STZ,CTL,SNA,CMS,LXK,GHC,AIV,KG,RDC,MTLQQ
IRM,QRVO,EVHC,QRVO,VAR,AKAM,BFB,SNA,SEE,QRVO,JBHT,FRT,,,TEG,TEG,PTV,ODP,CMS,SOV,FDO,DHI,PHM,GT,IPG,DHI
GT,TMK,MAC,COTY,BFB,ZION,IRM,VRSN,NI,HBI,UHS,JBHT,,,DF,IFF,FII,TSO,DHI,CBG,LEG,WYN,PKI,PKI,MOLX,MWV
NFX,FMC,NDAQ,VAR,COTY,TMK,CBOE,CBOE,SCG,FRT,AMD,PHM,,,SSP,MWW,TE,HBAN,LXK,WFM,IFF,MBI,TEX,FII,DHI,PXD
BWA,WYNN,VAR,LUK,FFIV,GT,BWA,BFB,NDAQ,WU,AKAM,DVA,,,MWW,AIV,SOV,SNA,ODP,PKI,FIS,AIV,WPI,AMD,GAS.2,IPG
HAR,NDAQ,HAR,BWA,TMK,VRSN,AKAM,QRVO,SNA,AOS,CF,AOS,,,RL,R,AIV,AIV,TSO,IFF,SNA,MOLX,ATI,SNA,CVH,BRIXX
AES,NFX,NI,ZION,HBI,MAT,LUK,MOS,JBHT,AVY,AOS,NDAQ,,,CMS,PTV,LSI,PNW,IFF,WYN,DF,PKI,AKAM,GAS.2,JWN,TGNA
NDAQ,EVHC,FLR,TMK,LUK,MOS,HBI,IPG,SNI,TMK,NI,WU,,,TE,CMS,MOLX,TE,PNW,LXK,SNDK,SNA,HBAN,GNW,SNDK,TSO
FMC,HAR,FMC,BF.B,TSCO,CBOE,TMK,KIM,AVY,HRL,FRT,NI,,,PHM,MOLX,CFC,CFC,PKI,PNW,WYN,MTW,AKS,MOLX,EXPE,RDC
LUK,FLR,SNI,NDAQ,NDAQ,NDAQ,FFIV,SNI,TMK,SNA,NDAQ,RE,,,DYNIQ,TE,PHM,CMS,DF,AIV,IAC,IFF,LXK,RDC,FII,EKDKQ
XRX,LUK,WYNN,PVH,ZION,LUK,MOS,TMK,KIM,NI,SEE,KORS,,,IFF,LXK,MWW,WPI,HBAN,SEE,PTV,SNDK,WFM,DHI,PDCO,EXPE
EVHC,HP,AES,JBHT,PVH,FL,VRSN,SEE,HRL,GT,PHM,AMD,,,MOLX,ODP,CMS,UNS1,PTV,SNA,ZION,MU,CMS,SNDK,LSI,QLG
CF,AES,HBI,HBI,JBHT,HBI,NI,HOG,HOG,KIM,VIAB,CF,,,LXK,AW,WPI,PKI,LEG,ODP,AIV,LXK,WYN,BIG,ANF,PDCO
FLR,PVH,KSS,MAC,VRSN,AVY,NDAQ,NDAQ,AOS,AKAM,HRL,SEE,,,CTX,PKI,DF,PTV,FII,DHI,WFM,WPI,PDCO,EXPE,XL,CPWR
NI,VRSN,VRSN,NI,NI,AES,QRVO,AAP,AKAM,ALLE,HBI,ALK,,,LEG,LEG,ODP,CITGQ,MWW,FII,DHI,PHM,BMS,CVH,TLAB,TLAB
AIV,SNI,HP,VRSN,AYI,ALLE,AVY,LUK,IPG,HOG,PKI,MOS,,,R,UNS1,CTX,MWW,CFC,DF,CMS,CMS,FII,MEE,CPWR,PKI
PVH,VAR,PVH,SNI,AVY,JBHT,KIM,NI,AYI,CF,HOG,TSCO,,,FDO,SNA,UNS1,THC,FDO,WPI,WPI,CPWR,CPWR,MBI,NOVL,CITGQ
KORS,NI,CF,CBOE,MAT,KIM,JBHT,HBI,NRG,SNI,ALK,HOG,,,PKI,TLAB,SNA,FDO,ASH,LEG,CPWR,DYNIQ,KG,HPC,GT,SOV
VRSN,JEC,AIV,HP,CBOE,AYI,ALLE,AVY,COTY,SEE,ALLE,LUK,,,TLAB,WPI,LXK,LXK,WPI,FDO,KG,CITGQ,MBI,JNS,WFM,GAS.2
WYNN,KSS,NFX,AVY,ALLE,TSCO,PKI,AKAM,TSCO,IPG,SNI,FFIV,,,HAR,PHM,PKI,ASH,CITGQ,PTV,FII,FMCC,THC,DYNIQ,MWW,RSHCQ
SNI,KORS,AVY,AES,MAC,M,EVHC,GT,FFIV,TSCO,LUK,NRG,,,LEN,DF,FDO,CIEN,BIG,TSO,BMS,FII,CBG,THC,BIG,MWW
JEC,AIV,CBOE,NFX,AES,LEG,AES,AOS,GT,LUK,MOS,PKI,,,AW,FDO,NYT,FII,CPWR,ASH,THC,ZION,BIG,JBL,AMD,FII
QRVO,SRCL,SRCL,FLR,SRCL,SRCL,MAT,FFIV,LUK,CMG,GT,GT,,,SNA,CTX,CIEN,LEG,THC,THC,PHM,THC,TSO,MWW,QLG,GT
SIG,AVY,ALLE,ALLE,FLR,MAC,M,NRG,ALLE,PKI,KIM,KSS,,,BMS,JBL,THC,NYT,UNS1,MWW,HBAN,KG,RSHCQ,TLAB,JBL,JBL
SRCL,FLS,JEC,EVHC,SNI,PKI,TSCO,ALLE,PHM,COTY,TSCO,COTY,,,NVLS,NYT,HAR,PHM,HAR,KG,AMD,BMS,HPC,RSHCQ,SOV,NOVL
LEG,LEG,LEG,SRCL,LEG,KSS,PHM,JBHT,AAP,NRG,FFIV,ALLE,,,FHN,KG,ASH,SOV,CIEN,UNS1,QLG,HBAN,SOV,CPWR,MEE,WFM
RRC,PHM,PHM,KSS,NFX,AIV,LEG,M,PKI,KSS,NRG,JEC,,,JBL,MBI,LEN,BMS,BMS,BIG,UNS1,TSO,LEN,NOVL,JNS,CTX
FLS,ALLE,XRX,AIV,AIV,PHM,MAC,AES,AES,PHM,IPG,KIM,,,WPI,NOVL,LEG,LEN,JBL,CPWR,BIG,WFM,MTW,TEX,RSHCQ,AMD
AVY,DISCK,DISCK,CF,KSS,NFX,AIV,PKI,MOS,FFIV,KORS,SNI,,,KG,LEN,BMS,CTX,PHM,CFC,CBG,RSHCQ,CTX,DDR,TSO,JNS
RHI,RHI,RHI,PHM,HP,EVHC,SNI,AIV,AIV,MOS,COTY,CMG,,,ASH,NVLS,MBI,WEN.2,WEN.2,HAR,HAR,QLG,QLG,SOV,NVLS,GNW
ALLE,RRC,BBBY,LEG,JEC,JEC,SRCL,TSCO,XRX,AES,AES,IPG,,,CPWR,BMS,TLAB,HAR,KG,WEN.2,CITGQ,HPC,GAS.2,QLG,MBI,LEN
BBBY,BBBY,FLS,JEC,FLS,FLS,JEC,KSS,KSS,KORS,AYI,HBI,,,NYT,HAR,CITGQ,BIG,NOVL,BMS,ASH,MWW,JBL,AKS,CTX,XL
PBCT,TRIP,PBCT,XRX,EVHC,SNI,KSS,PHM,CF,AYI,KSS,AAP,,,RSHCQ,ASH,NOVL,TER,NYT,NYT,HPC,BIG,HAR,NVLS,DYNIQ,NVLS
SPLS,SPLS,KORS,PKI,PKI,CF,FLR,MAT,SPLS,AAP,JEC,AYI,,,CIEN,RSHCQ,TER,KG,NVLS,NVLS,MWW,UNS1,CITGQ,CTX,MTW,BIG
DISCK,XRX,GRMN,FLS,PHM,FLR,SPLS,MAC,KORS,JEC,CMG,M,,,UNS1,CPWR,NVLS,JBL,TER,HBAN,RSHCQ,ASH,NVLS,WFM,LEN,MEE
RIG,PBCT,PKI,KORS,SPLS,XRX,CF,CF,JEC,XRX,AIV,RHI,,,ETFC,THC,RSHCQ,NVLS,LEN,NOVL,TSO,CBG,FHN,WYN,SCN,AIV
PKI,PKI,SPLS,RHI,XRX,RHI,HRB,SRCL,M,SCG,RHI,AES,,,AN,CIEN,KG,NOVL,HPC,PHM,TLAB,NVLS,MWW,TSO,AIV,WYN
JWN,GRMN,MNK,DISCK,CF,GRMN,FL,XRX,MAC,AIV,PBCT,MAC,,,FNP,QLG,HPC,MBI,CTX,CIEN,NVLS,NOVL,CVG,ASH,CBG,MTW
PHM,AIZ,AIZ,BBBY,KORS,SPLS,XRX,EVHC,SRCL,M,XRX,GPS,,,NOVL,TER,QLG,AN,TLAB,QLG,WEN.2,WEN.2,DYNIQ,MTW,CITGQ,AN
GRMN,RIG,PWR,NRG,DISCK,HP,PBCT,SPLS,LEG,GPS,FLIR,FLR,,,WEN.2,HPC,BIG,TLAB,AN,TER,NOVL,FHN,NOVL,KBH,AN,AKS
UAA,PWR,TGNA,GRMN,PBCT,PBCT,FLS,LEG,EVHC,LEG,LEG,AIV,,,KBH,WEN.2,CPWR,QLG,QLG,CITGQ,CIEN,GAS.2,UNS1,AIV,HAR,DYNIQ
TRIP,SIG,GPS,PBCT,GRMN,DISCK,RHI,JEC,GRMN,RHI,GRMN,GRMN,,,THC,FHN,AN,HPC,CVG,HPC,ODP,TLAB,NYT,CBG,AKS,KBH
AIZ,MNK,JWN,SPLS,BBBY,HRB,GRMN,HRB,RHI,PBCT,SCG,PBCT,,,CVG,AN,WEN.2,CPWR,RSHCQ,GAS.2,NYT,CTX,ASH,CITGQ,NYT,HAR
PWR,NRG,RIG,PWR,RHI,KORS,HP,FL,PBCT,SRCL,NFX,HP,,,HPC,ETFC,JBL,FHN,ETFC,TLAB,CTX,HAR,TLAB,UNS1,ACAS,CBG
CHK,JWN,NRG,TGNA,GPS,AIZ,KORS,FLR,MAT,MAC,HP,LEG,,,TER,CVG,CVG,CVG,GAS.2,CVG,GAS.2,ODP,ODP,NYT,KBH,NYT
MNK,GPS,RRC,RRC,JWN,FLIR,AIZ,PBCT,BHF,GRMN,MAC,MAT,,,QLG,KBH,KBH,ETFC,FHN,LEN,FHN,NYT,FNP,LEN,WYN,ODP
SWN,RL,FLIR,GPS,TGNA,BBBY,NFX,GRMN,HRB,NFX,SRCL,FLIR,,,MBI,FNP,FNP,RSHCQ,UIS,CTX,LEN,LEN,JNY,HAR,CVG,UNS1
RL,TGNA,NWSA,AIZ,PWR,NWSA,NRG,AIZ,FLR,FLR,AAP,XRX,,,TIE,TIE,ETFC,FNP,FNP,RSHCQ,TER,CVG,ETFC,ODP,ETFC,CVG
MUR,FLIR,TRIP,JWN,NRG,TGNA,JWN,KORS,PWR,HP,FLR,SCG,,,OMX,MDP,FHN,KBH,TIE,ETFC,CVG,ETFC,KBH,ETFC,TIE,MBI
HRB,CHK,NAVI,FLIR,AIZ,NRG,DISCK,RHI,GPS,BHF,BHF,NWSA,,,GAS.2,OMX,ABKFQ,MTG,OMX,UIS,JNY,JNY,NCC,GGP,CIEN,TIE
NAVI,HRB,MUR,NWSA,HRB,GPS,NWSA,NFX,FLIR,PWR,FLS,NFX,,,MDP,BIG,UIS,GAS.2,KBH,FHN,ETFC,TER,TER,CVG,TER,TER
GPS,NWSA,DISCA,HRB,TRIP,JWN,GPS,NWSA,AIZ,FLS,GPS,PWR,,,BC,GAS.2,GAS.2,TIE,MTG,TIE,AN,KBH,AN,JNY,GNW,ACAS
FLIR,MUR,HRB,RIG,FLIR,PWR,NAVI,HP,NFX,JWN,PWR,SRCL,,,BIG,UIS,MDP,UIS,MBI,FNP,KBH,CIEN,MDP,CIEN,UNS1,ETFC
UA,DNB,RL,SIG,RRC,MNK,PWR,GPS,FLS,HRB,M,BHF,,,MTG,BC,OMX,BC,JNY,AN,UIS,FNP,UIS,TER,MDP,MDP
DNB,NAVI,SIG,TRIP,MNK,CSRA,FLIR,JWN,NWSA,EVHC,AIZ,FLS,,,UIS,MTG,BC,BSC.1,BSC.1,KBH,FNP,AN,TIE,TIE,DDR,CIEN
TGNA,CSRA,CSRA,CHK,NWSA,TRIP,CSRA,FLS,JWN,FLIR,CSRA,AIZ,,,JNY,JNY,TIE,OMX,MDP,JNY,MBI,UIS,CIEN,FNP,ODP,DDR
CSRA,DISCA,TDC,MUR,SIG,RRC,MNK,FLIR,RL,CSRA,NWSA,HRB,,,DDS,ABKFQ,MTG,JNY,BC,MDP,TIE,TIE,MTG,AN,THC,JNY
NWSA,SWN,R,MNK,RL,NAVI,BBBY,PWR,USD,MAT,EVHC,FL,,,ABKFQ,DDS,BSC.1,ABKFQ,DDS,MBI,MDP,MDP,DDS,MDP,JNY,THC
DISCA,R,CHK,RL,NAVI,DISCA,RRC,DISCK,TRIP,NWSA,HRB,RL,,,CCTYQ,CCTYQ,JNY,MDP,ABKFQ,MTG,MTG,MTG,WEN,UIS,FNP, 
R,FTR,DNB,DISCA,DISCA,CHK,SIG,CSRA,FL,AIZ,RL,JWN,,, , ,DDS,DDS, ,DDS,DDS,DDS,WAMUQ, ,ABI,
FTR,UAA,PDCO,CSRA,RIG,MUR,TRIP,SIG,CSRA,RL,MAT,CSRA,,,,,CCTYQ, ,, , , , ,, ,
NRG,TDC,UAA,NAVI,CSRA,RL,MUR,RL,HP,FL,JWN,RRC,,,,, ,,,,,,,,,
TDC,UA,SWN,TDC,MUR,PDCO,DISCA,TRIP,SIG,RRC,RRC,EVHC,,,,,,,,,,,,,,
PDCO,AN,FTR,SWN,CHK,TDC,UAA,NAVI,DISCK,TRIP,TRIP,DISCK,,,,,,,,,,,,,,
ENDP,PDCO,UA,R,UAA,R,RL,RRC,NAVI,NAVI,SIG,TRIP,,,,,,,,,,,,,,
AN,PBI,AN,DNB,TDC,RIG,UA,CHK,DISCA,SIG,FL,CHK,,,,,,,,,,,,,,
PBI,ENDP,FSLR,UAA,PDCO,UAA,PDCO,DISCA,RRC,DISCK,CHK,NAVI,,,,,,,,,,,,,,
FSLR,FSLR,ENDP,PDCO,R,SIG,CHK,UAA,PDCO,CHK,DISCK,SIG,,,,,,,,,,,,,,
URBN,URBN,URBN,UA,UA,UA,RIG,PDCO,UAA,UAA,NAVI,PDCO,,,,,,,,,,,,,,
UBFUT,UBFUT,UBFUT,AN,AN,AN,AN,UA,CHK,DISCA,PDCO,DISCA,,,,,,,,,,,,,,
NWS,NWS,NWS,UBFUT,UBFUT,UBFUT,NWS,AN,UA,PDCO,DISCA,UBFUT,,,,,,,,,,,,,,
ESH7,ESH7,ESH7,NWS,NWS,NWS,UBFUT,NWS,UBFUT,UA,UAA,UAA,,,,,,,,,,,,,,
 , , ,ESM7,ESM7,ESM7,ESU7,UBFUT,NWS,UBFUT,UBFUT,UA,,,,,,,,,,,,,,
,,, , , , ,BTI,ESU7,NWS,UA,NWS,,,,,,,,,,,,,,
,,,,,,,ESU7,MARGIN_USD,ESZ7,NWS,ESZ7,,,,,,,,,,,,,,
,,,,,,, , , ,ESZ7, ,,,,,,,,,,,,,,
,,,,,,,,,, ,,,,,,,,,,,,,,,
